Id;NetworkID;Age;Gender;WorkingStatus;GeoLocation;BanksOpenAccount;WhyBank;ATMUsage;BankServices;TextMobileBanking;InternetBankMoreUsage;ScoreBankingServices;InternetSafety;InternetBankingSafety;YouthBenefits
6;af250f00e5ec13095ad081bf79cceeaa8177b713;Od 16 do 25;Muško;Student/ica;Grad Zagreb;Raiffeisen;Pristupaènost;Dva do èetiri puta tjedno;"Internet bankarstvo; Debitna ili kreditna kartica; Provjera stanja na raèunu";;"Veæa sigurnost; Besplatne transakcije";2;3;4;5
8;87ce42603d7b13912b65bdd106588a90be920ba1;Od 15 do 25;Muško;Student/ica;Zagrebaèka županija;Raiffeisen;Preporuka prijatelja ili rodbine;Dva do èetiri puta tjedno;Provjera stanja na raèunu;;"Nagrade (smanjene cijene za odreðene usluge); Veæa sigurnost";1;1;1;1
10;63f81a6df2dd6c5306c097af7692f25ff3ec1050;Od 15 do 25;Muško;Student/ica;Grad Zagreb;ERSTE;Preporuka prijatelja ili rodbine;Ne koristim bankomat;"Debitna ili kreditna kartica; Štednja";;Jednostavnija i jasnija usluga;2;3;3;5
11;fbdfcda12036e1d05fbe130afeabfe3fd60e7c5e;Od 19 do 25;Žensko;Student/ica;Zagrebaèka županija;ERSTE;Pristupaènost;Jednom u dva tjedna;"Debitna ili kreditna kartica; Provjera stanja na raèunu";;"Nagrade (smanjene cijene za odreðene usluge); Jednostavnija i jasnija usluga; Besplatne transakcije";2;4;4;5
12;fd61778e352e5acf35cd24cf8a74f62f2bccb9ee;Od 19 do 25;Žensko;Student/ica;Meðimurska županija;PBZ;Preporuka prijatelja ili rodbine;Jednom tjedno;Debitna ili kreditna kartica;;Jednostavnija i jasnija usluga;3;3;3;6
15;4e39318dceaffb05e98c34ae06e1226d173593b7;Od 19 do 25;Muško;Student/ica;Zagrebaèka županija;Zagrebaèka ;Preporuka prijatelja ili rodbine;Jednom tjedno;"Mobilno bankarstvo; Internet bankarstvo; Studentski paket (uljuèuje sve); Provjera stanja na raèunu";automatsko informiranje o promjeni stanja na raèunu.;Besplatne transakcije;5;4;5;7
16;90321b3a6068a5f8c53a3550f499460a31a8c2a4;Manje od 15;Žensko;Nezaposlen/a;Splitsko-dalmatinska županija;Nemam raèun;;Ne koristim bankomat;Ses usluge;Lakse placanje ses usluga;Jednostavnija i jasnija usluga;6;5;5;8
17;e9acdb91ab26a2b8d5c2c87fe1b14fee436315a6;Od 19 do 25;Žensko;Student/ica;Grad Zagreb;Zagrebaèka ;Preporuka prijatelja ili rodbine;Jednom tjedno;"Mobilno bankarstvo; Internet bankarstvo; Debitna ili kreditna kartica; Studentski paket (uljuèuje sve); Provjera stanja na raèunu; Plaæanje raèuna";;Nagrade (smanjene cijene za odreðene usluge);5;3;4;6
18;3fc24e68db2683fe5fc7cf56ab259f78b8e2923c;Od 19 do 25;Žensko;Zaposlen/a;Krapinsko-zagorska ;Zagrebaèka ;Preporuka prijatelja ili rodbine;Dva do èetiri puta tjedno;"Mobilno bankarstvo; Studentski paket (uljuèuje sve); Provjera stanja na raèunu; Plaæanje raèuna";;Besplatne transakcije;3;;;4
22;1c85e9a738cf3831ea4acc6407f9d94bbed957ab;Od 19 do 25;Žensko;Student/ica + zaposlen/a;Zagrebaèka županija;"PBZ; ERSTE";Pristupaènost;Više od èetiri puta tjedno;"Mobilno bankarstvo; Internet bankarstvo; Debitna ili kreditna kartica; Studentski paket (uljuèuje sve); Provjera stanja na raèunu; Plaæanje raèuna";;Nagrade (smanjene cijene za odreðene usluge);5;2;3;1
26;5b7adca832b5b6ea9be2c2eabe3ca382251fcad3;Od 19 do 25;Žensko;Student/ica;Meðimurska županija;Zagrebaèka ;Najbolji uvjeti i pogodnosti;Jednom tjedno;"Mobilno bankarstvo; Internet bankarstvo; Debitna ili kreditna kartica; Studentski paket (uljuèuje sve); Provjera stanja na raèunu";x;Sve je savršeno, ne bih ništa promijenio/la;2;1;3;6
33;d2d5abf45ae9b3a2b9ae4808a93044982d8cf4ff;Od 19 do 25;Žensko;Student/ica;Grad Zagreb;"PBZ; ERSTE; Raiffeisen";Preporuka prijatelja ili rodbine;Jednom u dva tjedna;"Kontaktiranje Vašeg savjetnika u banci; Štednja; Provjera stanja na raèunu; Osiguranje";;Nagrade (smanjene cijene za odreðene usluge);4;3;3;5
35;9822760efa7575f8146d7759eb985773870cf1fb;Od 19 do 25;Muško;Student/ica;Zagrebaèka županija;Nemam raèun;;Ne koristim bankomat;Ne koristim bankarske usluge;;"Jednostavnija i jasnija usluga; Veæa sigurnost; Bolja uputstva za postavljanje Internet usluga; Besplatne transakcije";3;4;;5
37;32443234624a80be08e8d8a88501895fd0d405b8;Od 19 do 25;Žensko;Student/ica;Grad Zagreb;Zagrebaèka ;Pristupaènost;Jednom u dva tjedna;"Mobilno bankarstvo; Internet bankarstvo; Studentski paket (uljuèuje sve)";;Besplatne transakcije;4;3;4;5
42;bac2ddcf02d19faf2915c0c0c2fc10e60376508a;Od 19 do 25;Muško;Student/ica;Grad Zagreb;"Splitska; PBZ; ERSTE";Najbolji uvjeti i pogodnosti;Ne koristim bankomat;"Mobilno bankarstvo; Internet bankarstvo; Debitna ili kreditna kartica; Studentski paket (uljuèuje sve); Kontaktiranje Vašeg savjetnika u banci; Štednja; Provjera stanja na raèunu; Plaæanje raèuna; Investiranje";;"Nagrade (smanjene cijene za odreðene usluge); Besplatne transakcije";4;3;3;6
45;8bc1ce64e9ef09e8727db65aaafbc9b7ae7df331;Od 19 do 25;Žensko;Nezaposlen/a;Meðimurska županija;Hypo Alpe Adria;Preporuka prijatelja ili rodbine;Ne koristim bankomat;Ne koristim bankarske usluge;;Besplatne transakcije;1;;2;3
46;b38b62ea8b674c0a7a9ff87ba81e25d702f884ce;Od 19 do 25;Muško;Student/ica + zaposlen/a;Grad Zagreb;PBZ;Pristupaènost;Dva do èetiri puta tjedno;"Studentski paket (uljuèuje sve); Provjera stanja na raèunu";;Sve je savršeno, ne bih ništa promijenio/la;5;4;4;5
50;091c581366447222ff3ad1dc891f5a73bc3f2fda;Od 19 do 25;Muško;Student/ica;Grad Zagreb;Zagrebaèka ;Pristupaènost;Jednom u dva tjedna;Studentski paket (uljuèuje sve);;Bolja uputstva za postavljanje Internet usluga;1;3;2;4
51;b50807e30aaa68aaf1bc9b7e253a49ff7f63d8e1;Od 19 do 25;Žensko;Student/ica;Grad Zagreb;Hpb;Preporuka prijatelja ili rodbine;Jednom u dva tjedna;"Štednja; Provjera stanja na raèunu";Nista;"Nagrade (smanjene cijene za odreðene usluge); Besplatne transakcije";3;4;4;5
55;acdcaa865dbc546d6f307c9ffe08fca3c5c979b4;Od 19 do 25;Žensko;Student/ica;Zagrebaèka županija;PBZ;Pristupaènost;Jednom u dva tjedna;"Internet bankarstvo; Studentski paket (uljuèuje sve); Provjera stanja na raèunu";;"Nagrade (smanjene cijene za odreðene usluge); Jednostavnija i jasnija usluga; Veæa sigurnost; Besplatne transakcije";3;2;2;5
56;ab91976bae8de5c023f1df2e30d8285f3f470e49;Od 19 do 25;Muško;Student/ica;Grad Zagreb;Zagrebaèka ;Preporuka prijatelja ili rodbine;Jednom tjedno;Plaæanje raèuna;-;Bolja uputstva za postavljanje Internet usluga;3;2;2;4
57;226b5eb0f7c914587e8e17e4ae5e989c970143fa;Više od 25;Muško;Zaposlen/a;Grad Zagreb;Raiffeisen;Pristupaènost;Jednom tjedno;"Mobilno bankarstvo; Internet bankarstvo; Debitna ili kreditna kartica; Provjera stanja na raèunu; Plaæanje raèuna; Kredit";;Besplatne transakcije;5;4;4;4
58;87ce42603d7b13912b65bdd106588a90be920ba1;Od 19 do 25;Muško;Student/ica;Grad Zagreb;PBZ;Pristupaènost;Jednom tjedno;"Internet bankarstvo; Provjera stanja na raèunu";;"Nagrade (smanjene cijene za odreðene usluge); Besplatne transakcije";3;1;3;5
59;adead00a096ed15b0a653c95b070cd61fe875fa0;Od 19 do 25;Muško;Student/ica + zaposlen/a;Grad Zagreb;Splitska;Pristupaènost;Jednom u dva tjedna;Ne koristim bankarske usluge;;Veæa sigurnost;0;3;1;3
60;c74890f53da0f3cf1c89cdf58e810239a5719d43;Od 19 do 25;Žensko;Student/ica;Grad Zagreb;Zagrebaèka ;Preporuka prijatelja ili rodbine;Dva do èetiri puta tjedno;"Mobilno bankarstvo; Internet bankarstvo; Debitna ili kreditna kartica; Studentski paket (uljuèuje sve); Provjera stanja na raèunu; Plaæanje raèuna";Aplikacija je super;Sve je savršeno, ne bih ništa promijenio/la;3;4;4;4
63;ff4325973bea48d1db4c080dbdf7aaf8e431a769;Od 19 do 25;Žensko;Srednjoškolac/ka;Meðimurska županija;Raiffeisen;Najbolji uvjeti i pogodnosti;Dva do èetiri puta tjedno;"Mobilno bankarstvo; Internet bankarstvo; Debitna ili kreditna kartica; Provjera stanja na raèunu";dfgdsghfhs;"Nagrade (smanjene cijene za odreðene usluge); Veæa sigurnost; Bolja uputstva za postavljanje Internet usluga; Besplatne transakcije";4;2;2;3
66;87ce42603d7b13912b65bdd106588a90be920ba1;Od 19 do 25;Žensko;Student/ica;Grad Zagreb;PBZ;Pristupaènost;Jednom tjedno;"Debitna ili kreditna kartica; Studentski paket (uljuèuje sve); Provjera stanja na raèunu";;Besplatne transakcije;3;;;5
67;7ff7b3cfa55a56616876d2dacc0413229ffefdf3;Više od 25;Muško;Student/ica;Grad Zagreb;"PBZ; Zagrebaèka ";Najbolji uvjeti i pogodnosti;Jednom u dva tjedna;"Mobilno bankarstvo; Internet bankarstvo; Studentski paket (uljuèuje sve); Štednja";;Besplatne transakcije;3;3;5;4
69;87ce42603d7b13912b65bdd106588a90be920ba1;Od 19 do 25;Žensko;Student/ica;Grad Zagreb;PBZ;Preporuka prijatelja ili rodbine;Jednom u dva tjedna;Studentski paket (uljuèuje sve);;Jednostavnija i jasnija usluga;3;3;3;4
70;642db7f5279f0b7c3eb9868e3388f6760925d494;Od 19 do 25;Muško;Nezaposlen/a;Zagrebaèka županija;PBZ;Pristupaènost;Jednom u dva tjedna;"Mobilno bankarstvo; Internet bankarstvo; Debitna ili kreditna kartica; Štednja; Investiranje";Ništa, sve mi je ok za sada.;Sve je savršeno, ne bih ništa promijenio/la;5;4;4;6
71;77e614cc85ff08b545c15b29f0db584af8f57ffa;Od 19 do 25;Muško;Student/ica;Krapinsko-zagorska ;ERSTE;Pristupaènost;Jednom u dva tjedna;Debitna ili kreditna kartica;;Telefonska pomoæ pri postavaljanju Internet usluga;5;;;5
72;adead00a096ed15b0a653c95b070cd61fe875fa0;Od 19 do 25;Muško;Student/ica;Grad Zagreb;PBZ;Pristupaènost;Dva do èetiri puta tjedno;Provjera stanja na raèunu;;Jednostavnija i jasnija usluga;1;3;3;4
73;adead00a096ed15b0a653c95b070cd61fe875fa0;Od 19 do 25;Muško;Student/ica;Meðimurska županija;PBZ;Preporuka prijatelja ili rodbine;Dva do èetiri puta tjedno;Debitna ili kreditna kartica;;Besplatne transakcije;3;3;3;5
74;87ce42603d7b13912b65bdd106588a90be920ba1;Od 19 do 25;Žensko;Student/ica;Grad Zagreb;PBZ;Preporuka prijatelja ili rodbine;Jednom tjedno;Provjera stanja na raèunu;;Veæa sigurnost;2;3;;3
75;87ce42603d7b13912b65bdd106588a90be920ba1;Od 19 do 25;Žensko;Student/ica;Požeško-slavonska županija;Zagrebaèka ;Preporuka prijatelja ili rodbine;Jednom tjedno;"Mobilno bankarstvo; Internet bankarstvo; Studentski paket (uljuèuje sve); Provjera stanja na raèunu; Plaæanje raèuna";;Sve je savršeno, ne bih ništa promijenio/la;4;4;4;5
79;04ecf1eeade75b6d0322df98aced538d2c961c69;Od 19 do 25;Muško;Student/ica;Grad Zagreb;PBZ;Preporuka prijatelja ili rodbine;Jednom u dva tjedna;"Provjera stanja na raèunu; Plaæanje raèuna"; ;Jednostavnija i jasnija usluga;2;2;2;1
80;893439bf854a1cf751fe8a351722626c460a31dd;Od 19 do 25;Muško;Student/ica;Grad Zagreb;"Splitska; Zagrebaèka ";Preporuka prijatelja ili rodbine;Dva do èetiri puta tjedno;Studentski paket (uljuèuje sve);;Sve je savršeno, ne bih ništa promijenio/la;5;3;4;5
81;b97c28fbaba6f2971813a826e833c360d44ed45e;Od 19 do 25;Muško;Student/ica;Zagrebaèka županija;Nemam raèun;Najbolji uvjeti i pogodnosti;Ne koristim bankomat;Ne koristim bankarske usluge;;Nagrade (smanjene cijene za odreðene usluge);0;3;2;3
83;5199f645a389200f07ab6fd2db4138801b49c085;Od 19 do 25;Muško;Student/ica;Zagrebaèka županija;"PBZ; Zagrebaèka ; Hypo";Preporuka prijatelja ili rodbine;Jednom u dva tjedna;Ne koristim bankarske usluge;;Ništa, ne koristim ga.;1;2;1;3
85;90c507d53a99d522b841b423644d006c0c60d1cb;Od 19 do 25;Žensko;Student/ica;Grad Zagreb;"PBZ; Zagrebaèka ";Najbolji uvjeti i pogodnosti;Jednom tjedno;"Internet bankarstvo; Studentski paket (uljuèuje sve); Provjera stanja na raèunu";;koristim jer je besplatno, smatram nepotrebnim;6;4;5;4
86;cda54f68ce0d98fe10637e4ff0cd4b4d597f5e34;Od 19 do 25;Muško;Student/ica;Grad Zagreb;PBZ;Pristupaènost;Jednom u dva tjedna;Provjera stanja na raèunu;;Bolja uputstva za postavljanje Internet usluga;3;1;1;1
90;774ff98921cf294063ee2ec00b92d806b658499c;Od 19 do 25;Muško;Student/ica;Grad Zagreb;PBZ;Pristupaènost;Dva do èetiri puta tjedno;"Debitna ili kreditna kartica; Provjera stanja na raèunu";;Nagrade (smanjene cijene za odreðene usluge);4;3;3;2
91;268ce22f7d7e751d4480371b4bbc5ba1f7886894;Od 19 do 25;Žensko;Student/ica;Grad Zagreb;PBZ;Najbolji uvjeti i pogodnosti;Jednom tjedno;"Mobilno bankarstvo; Internet bankarstvo; Studentski paket (uljuèuje sve); Provjera stanja na raèunu; Plaæanje raèuna";Ništa, ima sve što mi treba;Besplatne transakcije;2;3;4;5
92;0adfdf17a1442e12b31669f8e8ae9a13db438a94;Od 19 do 25;Muško;Student/ica;Grad Zagreb;PBZ;Preporuka prijatelja ili rodbine;Dva do èetiri puta tjedno;"Internet bankarstvo; Debitna ili kreditna kartica; Plaæanje raèuna";;"Nagrade (smanjene cijene za odreðene usluge); Besplatne transakcije";3;3;3;4
93;c8a01569f3714852dfd69007367dcf107a808abc;Od 19 do 25;Muško;Student/ica;Grad Zagreb;Zagrebaèka ;Preporuka prijatelja ili rodbine;Jednom u dva tjedna;Ne koristim bankarske usluge;;"Nagrade (smanjene cijene za odreðene usluge); Veæa sigurnost; Besplatne transakcije";2;3;3;5
94;baab08c036aed368f22ba6aeccf0b590ec468931;Od 19 do 25;Muško;Student/ica;Zagrebaèka županija;"Splitska; ERSTE";Preporuka prijatelja ili rodbine;Jednom u dva tjedna;"Debitna ili kreditna kartica; Štednja";;Telefonska pomoæ pri postavaljanju Internet usluga;3;4;4;5
95;eb8866653f1c62b84043ed48f3672ca0f5822248;Od 19 do 25;Žensko;Student/ica;Grad Zagreb;Nemam raèun;Preporuka prijatelja ili rodbine;Ne koristim bankomat;Ne koristim bankarske usluge;;Besplatne transakcije;2;2;3;4
96;2d13f2896f3a465e70c039e260a9896529558cd3;Od 19 do 25;Žensko;Student/ica;Grad Zagreb;Karlovaèka banka;Pristupaènost;Ne koristim bankomat;"Štednja; Provjera stanja na raèunu";;Bolja uputstva za postavljanje Internet usluga;1;;;2
97;824bdaec201efdb1b97f73eaca74032bd9e6f250;Od 19 do 25;Žensko;Student/ica;Grad Zagreb;ERSTE;;Ne koristim bankomat;"Mobilno bankarstvo; Internet bankarstvo; Debitna ili kreditna kartica";Ništa ;Veæa sigurnost;3;1;1;1
98;dd282524d0c96f54cf691320b79966f8370269a5;Od 19 do 25;Muško;Student/ica;Grad Zagreb;Zagrebaèka ;Preporuka prijatelja ili rodbine;Jednom u dva tjedna;"Mobilno bankarstvo; Studentski paket (uljuèuje sve)";;Sve je savršeno, ne bih ništa promijenio/la;3;3;3;6
101;779fc5f2647888afe5f3d4478f1969a52bd7b374;Od 19 do 25;Muško;Student/ica;Grad Zagreb;Nemam raèun;;Ne koristim bankomat;Internet bankarstvo;;Besplatne transakcije;2;4;4;4
103;cda54f68ce0d98fe10637e4ff0cd4b4d597f5e34;Od 19 do 25;Muško;Student/ica;Grad Zagreb;Zagrebaèka ;Preporuka prijatelja ili rodbine;Jednom u dva tjedna;"Mobilno bankarstvo; Studentski paket (uljuèuje sve); Štednja; Provjera stanja na raèunu; Plaæanje raèuna";;"Nagrade (smanjene cijene za odreðene usluge); Besplatne transakcije";3;3;3;5
107;750be4568eddbfe1d0a722c2e81b9bba0200381c;Od 19 do 25;Muško;Student/ica;Grad Zagreb;"Splitska; Zagrebaèka ";Pristupaènost;Jednom u dva tjedna;"Internet bankarstvo; Debitna ili kreditna kartica; Kontaktiranje Vašeg savjetnika u banci; Provjera stanja na raèunu";;Sve je savršeno, ne bih ništa promijenio/la;3;3;5;4
108;ed8cdeb298df4b3c75662477e2df3259d7a39765;Od 19 do 25;Žensko;Student/ica;Grad Zagreb;PBZ;Preporuka prijatelja ili rodbine;Jednom u dva tjedna;"Internet bankarstvo; Debitna ili kreditna kartica; Provjera stanja na raèunu; Plaæanje raèuna";;"Nagrade (smanjene cijene za odreðene usluge); Veæa sigurnost; Besplatne transakcije";4;4;3;5
111;4b1f5f66a4d564dd03ecdaf66615cb6c4da1b402;Od 19 do 25;Muško;Student/ica;Zagrebaèka županija;Raiffeisen;Pristupaènost;Jednom u dva tjedna;"Internet bankarstvo; Provjera stanja na raèunu";-;Sve je savršeno, ne bih ništa promijenio/la;3;3;4;6
114;40c9991a1db7eeb15628436e52d47ff569e2c7cc;Od 19 do 25;Muško;Student/ica;Grad Zagreb;Zagrebaèka ;Najbolji uvjeti i pogodnosti;Jednom u dva tjedna;"Mobilno bankarstvo; Internet bankarstvo; Debitna ili kreditna kartica; Studentski paket (uljuèuje sve); Provjera stanja na raèunu; Plaæanje raèuna; Investiranje";;Nagrade (smanjene cijene za odreðene usluge);6;5;5;8
115;04ecf1eeade75b6d0322df98aced538d2c961c69;Od 19 do 25;Žensko;Student/ica;Zagrebaèka županija;ERSTE;Najbolji uvjeti i pogodnosti;Jednom u dva tjedna;"Internet bankarstvo; Štednja; Provjera stanja na raèunu";ne koristim se preèesto time, tako da ne bih znala;"Nagrade (smanjene cijene za odreðene usluge); Veæa sigurnost; Besplatne transakcije";3;2;2;3
116;ce024666eeb05928d9f3d58155112f50d79b4daa;Od 19 do 25;Muško;Student/ica;Grad Zagreb;Zagrebaèka ;Preporuka prijatelja ili rodbine;Jednom tjedno;"Mobilno bankarstvo; Provjera stanja na raèunu";;Jednostavnija i jasnija usluga;2;2;4;4
119;ef759ce14e83fbdff478aa75785311bb21f14cdc;Od 19 do 25;Žensko;Student/ica;Grad Zagreb;PBZ;Preporuka prijatelja ili rodbine;Jednom u dva tjedna;"Internet bankarstvo; Debitna ili kreditna kartica; Studentski paket (uljuèuje sve); Provjera stanja na raèunu";;"Nagrade (smanjene cijene za odreðene usluge); Veæa sigurnost; Besplatne transakcije";3;1;4;7
120;733f21c2868cb307705ca3f056181dd76781aab5;Od 19 do 25;Muško;Zaposlen/a;Zagrebaèka županija;Zagrebaèka ;Preporuka prijatelja ili rodbine;Dva do èetiri puta tjedno;"Internet bankarstvo; Provjera stanja na raèunu";Nikakve;"Veæa sigurnost; Besplatne transakcije";4;4;4;5
128;a9ec2018dcf1857229e3bbaba139b0958c794242;Od 19 do 25;Muško;Student/ica;Grad Zagreb;hpb;Preporuka prijatelja ili rodbine;Jednom tjedno;"Provjera stanja na raèunu; Plaæanje raèuna";;"Jednostavnija i jasnija usluga; Veæa sigurnost; Bolja uputstva za postavljanje Internet usluga";4;3;3;6
130;3fe7cbf3e07a472009c5b612a2c9de73987bbd0f;Od 19 do 25;Žensko;Student/ica;Grad Zagreb;PBZ;Preporuka prijatelja ili rodbine;Jednom u dva tjedna;Ne koristim bankarske usluge;;"Nagrade (smanjene cijene za odreðene usluge); Besplatne transakcije";3;3;3;4
131;7ed8daccd2bcdbe1465725222b2195d432274511;Od 19 do 25;Muško;Student/ica;Grad Zagreb;Hypo;Preporuka prijatelja ili rodbine;Ne koristim bankomat;Žiro;Ne znam ne koristim;Sve je savršeno, ne bih ništa promijenio/la;6;5;3;1
132;04df5fbfcdaf036c8c027bf03666c6b9a65af0af;Od 19 do 25;Muško;Student/ica;Grad Zagreb;"PBZ; Zagrebaèka ";Pristupaènost;Jednom u dva tjedna;"Mobilno bankarstvo; Internet bankarstvo; Debitna ili kreditna kartica; Studentski paket (uljuèuje sve); Štednja";;Besplatne transakcije;5;5;5;6
133;87ce42603d7b13912b65bdd106588a90be920ba1;Od 19 do 25;Muško;Student/ica;Grad Zagreb;Raiffeisen;Pristupaènost;Jednom tjedno;Studentski paket (uljuèuje sve);;Nagrade (smanjene cijene za odreðene usluge);3;3;3;3
135;9a51830a08ca4213300aa2dc24bd0739646e79ef;Od 19 do 25;Muško;Student/ica;Grad Zagreb;Zagrebaèka ;Preporuka prijatelja ili rodbine;Jednom u dva tjedna;Debitna ili kreditna kartica;;Besplatne transakcije;4;3;3;4
137;cda54f68ce0d98fe10637e4ff0cd4b4d597f5e34;Od 19 do 25;Žensko;Student/ica;Grad Zagreb;Zagrebaèka ;Pristupaènost;Jednom tjedno;"Internet bankarstvo; Debitna ili kreditna kartica; Štednja";;"Nagrade (smanjene cijene za odreðene usluge); Veæa sigurnost; Besplatne transakcije";2;1;1;3
139;786f8e8b059b48d441f7f1d3ef11dbc6b08d8ff6;Više od 25;Žensko;Zaposlen/a;Grad Zagreb;"PBZ; ERSTE";Pristupaènost;Ne koristim bankomat;"Mobilno bankarstvo; Internet bankarstvo; Kredit";;"Nagrade (smanjene cijene za odreðene usluge); Jednostavnija i jasnija usluga; Besplatne transakcije";3;1;1;2
143;f744c6650279a3be6c2ef2d1205f68b58195a830;Od 19 do 25;Žensko;Student/ica;Grad Zagreb;"Splitska; PBZ";Pristupaènost;Dva do èetiri puta tjedno;"Mobilno bankarstvo; Provjera stanja na raèunu; Plaæanje raèuna";Nista ne fali;Besplatne transakcije;3;4;4;5
148;2407a0f94412567fa8410641c38b8ab91a896a70;Od 19 do 25;Žensko;Student/ica;Grad Zagreb;PBZ;Preporuka prijatelja ili rodbine;Jednom tjedno;"Štednja; Provjera stanja na raèunu";;"Jednostavnija i jasnija usluga; Veæa sigurnost; Telefonska pomoæ pri postavaljanju Internet usluga; Bolja uputstva za postavljanje Internet usluga; Besplatne transakcije";1;3;2;3
149;a79b021b7eb7ebe5fe1f8b9306c6b9459d2a4831;Od 19 do 25;Žensko;Student/ica;Primorsko-goranska županija;Zagrebaèka ;Preporuka prijatelja ili rodbine;Više od èetiri puta tjedno;"Mobilno bankarstvo; Studentski paket (uljuèuje sve); Provjera stanja na raèunu; Plaæanje raèuna";bo;"Nagrade (smanjene cijene za odreðene usluge); Besplatne transakcije";5;2;3;5
151;44627741416b0726b14bcbfa09ea68cd63e91346;Od 15 do 18;Žensko;Student/ica;Grad Zagreb;Splitska;Pristupaènost;Jednom u dva tjedna;"Debitna ili kreditna kartica; Provjera stanja na raèunu";;Veæa sigurnost;1;4;3;3
153;cf99df1927df7694d3589deed8b7274a1570c9c6;Od 19 do 25;Žensko;Student/ica;Grad Zagreb;Zagrebaèka ;Preporuka prijatelja ili rodbine;Ne koristim bankomat;Studentski paket (uljuèuje sve);;"Nagrade (smanjene cijene za odreðene usluge); Jednostavnija i jasnija usluga";1;2;2;2
155;bae6f6309c0039ab000ebbafe59c0d1222437dec;Više od 25;Žensko;Zaposlen/a;Istarska županija;PBZ;Pristupaènost;Više od èetiri puta tjedno;"Mobilno bankarstvo; Internet bankarstvo; Debitna ili kreditna kartica; Štednja; Provjera stanja na raèunu; Plaæanje raèuna";;Besplatne transakcije;2;3;4;3
157;01cdbbbd475760e4928c5bcc3707e535bb5720b5;Od 19 do 25;Žensko;Student/ica;Grad Zagreb;PBZ;Preporuka prijatelja ili rodbine;Jednom tjedno;"Debitna ili kreditna kartica; Provjera stanja na raèunu";;"Nagrade (smanjene cijene za odreðene usluge); Jednostavnija i jasnija usluga; Veæa sigurnost; Besplatne transakcije";3;2;2;5
161;2f2bde8c81737dfb4696983ee73c401a8c742195;Od 19 do 25;Žensko;Zaposlen/a;Grad Zagreb;Raiffeisen;Preporuka prijatelja ili rodbine;Dva do èetiri puta tjedno;Mobilno bankarstvo;;Besplatne transakcije;3;3;2;2
162;7d88d7435484fe71c82679e328c28e272ef6d93e;Od 19 do 25;Žensko;Nezaposlen/a;Istarska županija;PBZ;Pristupaènost;Jednom u dva tjedna;"Mobilno bankarstvo; Provjera stanja na raèunu; Plaæanje raèuna";;"Nagrade (smanjene cijene za odreðene usluge); Besplatne transakcije";4;4;5;4
165;4c82788b2f98c1f0f61e5ff3595b842e45c85441;Više od 25;Muško;Nezaposlen/a;Splitsko-dalmatinska županija;Nemam raèun;;Ne koristim bankomat;Investiranje;;Biznis;1;;;1
166;16541f1afd89bf1c7ce0ec712a4a2f1327aee259;Od 19 do 25;Muško;Student/ica;Grad Zagreb;Raiffeisen;Preporuka prijatelja ili rodbine;Jednom u dva tjedna;Provjera stanja na raèunu;;"Nagrade (smanjene cijene za odreðene usluge); Veæa sigurnost; Besplatne transakcije";1;2;2;4
170;cda54f68ce0d98fe10637e4ff0cd4b4d597f5e34;Od 19 do 25;Muško;Student/ica;Istarska županija;OTP;Najbolji uvjeti i pogodnosti;Jednom tjedno;Štednja;;Sve je savršeno, ne bih ništa promijenio/la;1;1;1;5
176;3c93c99733afcb8692bd595adf24f504423a3c68;Od 19 do 25;Žensko;Zaposlen/a;Grad Zagreb;Raiffeisen;Pristupaènost;Jednom tjedno;"Provjera stanja na raèunu; Investiranje; Osiguranje";;"Jednostavnija i jasnija usluga; Veæa sigurnost";6;1;3;8
181;8c809a1a4bd9ce8b3efba75a36b5ca5b5743e6d2;Od 19 do 25;Muško;Student/ica;Grad Zagreb;ERSTE;;Jednom u dva tjedna;"Mobilno bankarstvo; Internet bankarstvo; Provjera stanja na raèunu";?;"Nagrade (smanjene cijene za odreðene usluge); Jednostavnija i jasnija usluga; Besplatne transakcije";3;1;4;4
182;cba4a43a9a0f26e4da4456127f01dbf3718736a0;Od 19 do 25;Muško;Student/ica;Primorsko-goranska županija;Zagrebaèka ;Preporuka prijatelja ili rodbine;Ne koristim bankomat;"Mobilno bankarstvo; Provjera stanja na raèunu";;"Jednostavnija i jasnija usluga; Bolja uputstva za postavljanje Internet usluga; Besplatne transakcije";3;4;4;5
188;1cc58395a596a99c9224b7a0e9e4614ec6920056;Od 19 do 25;Žensko;Student/ica;Zagrebaèka županija;PBZ;Preporuka prijatelja ili rodbine;Jednom tjedno;"Mobilno bankarstvo; Internet bankarstvo; Debitna ili kreditna kartica; Studentski paket (uljuèuje sve); Štednja; Provjera stanja na raèunu; Plaæanje raèuna";;"Nagrade (smanjene cijene za odreðene usluge); Jednostavnija i jasnija usluga; Veæa sigurnost";3;;3;4
189;b4d3e237fda99d8c42e5e08193eea0621bc25450;Od 19 do 25;Muško;Student/ica;Zagrebaèka županija;Zagrebaèka ;Preporuka prijatelja ili rodbine;Jednom u dva tjedna;Studentski paket (uljuèuje sve);;Sve je savršeno, ne bih ništa promijenio/la;4;4;4;7
190;30bdbe344ac823b02ef4e7cc2ce3985c55a698bb;Od 15 do 18;Muško;Srednjoškolac/ka;Istarska županija;otp;Pristupaènost;Jednom u dva tjedna;Štednja;;Besplatne transakcije;0;3;3;1
193;8c809a1a4bd9ce8b3efba75a36b5ca5b5743e6d2;Od 19 do 25;Muško;Student/ica;Grad Zagreb;PBZ;Najbolji uvjeti i pogodnosti;Ne koristim bankomat;"Mobilno bankarstvo; Internet bankarstvo; Studentski paket (uljuèuje sve)";PBZ-ova najbolja ! zaba 2 kune ne vrijedi;Sve je savršeno, ne bih ništa promijenio/la;4;4;4;6
195;0878aa4f230a3b01246da54661ba9aaee3ec6412;Od 19 do 25;Muško;Student/ica;Zagrebaèka županija;PBZ;Preporuka prijatelja ili rodbine;Jednom u dva tjedna;"Mobilno bankarstvo; Provjera stanja na raèunu";;Sve je savršeno, ne bih ništa promijenio/la;3;3;4;6
196;2b8a1d19acbb79d8ac0709029c743ff193cf9228;Od 19 do 25;Žensko;Student/ica;Splitsko-dalmatinska županija;Splitska;Preporuka prijatelja ili rodbine;Jednom tjedno;"Studentski paket (uljuèuje sve); Provjera stanja na raèunu";;"Veæa sigurnost; Bolja uputstva za postavljanje Internet usluga; Besplatne transakcije";2;2;2;4
200;de234d8587361882984f117ac3823f09c4b97bdd;Od 19 do 25;Žensko;Student/ica;Splitsko-dalmatinska županija;"Splitska; PBZ";Pristupaènost;Ne koristim bankomat;Provjera stanja na raèunu;;"Nagrade (smanjene cijene za odreðene usluge); Jednostavnija i jasnija usluga; Veæa sigurnost; Bolja uputstva za postavljanje Internet usluga";2;;2;1
203;df49503c10e6753f72b681853c614d764015a317;Od 19 do 25;Muško;Student/ica + zaposlen/a;Splitsko-dalmatinska županija;"PBZ; HPB";Preporuka prijatelja ili rodbine;Jednom u dva tjedna;Provjera stanja na raèunu;;ništa;3;4;4;1
207;76aa5485b8afd0918c3cae6526208f6c0690fba6;Od 19 do 25;Žensko;Student/ica;Grad Zagreb;hpb;Preporuka prijatelja ili rodbine;Jednom u dva tjedna;"Štednja; Provjera stanja na raèunu";;Nagrade (smanjene cijene za odreðene usluge);3;3;3;5
208;7518e69f2cfdce47ed05e854d23d24f9c241488b;Od 19 do 25;Žensko;Student/ica;Splitsko-dalmatinska županija;"Splitska; Zagrebaèka ";Najbolji uvjeti i pogodnosti;Jednom tjedno;Provjera stanja na raèunu;;"Jednostavnija i jasnija usluga; Veæa sigurnost; Bolja uputstva za postavljanje Internet usluga; Besplatne transakcije";3;3;;4
209;ebfa8bb44d43715b1a9ef18cfe04106af1ad61f2;Od 19 do 25;Muško;Student/ica;Splitsko-dalmatinska županija;"PBZ; Zagrebaèka ";Najbolji uvjeti i pogodnosti;Jednom u dva tjedna;"Internet bankarstvo; Debitna ili kreditna kartica; Studentski paket (uljuèuje sve); Provjera stanja na raèunu";;Nagrade (smanjene cijene za odreðene usluge);1;5;;8
211;90e5b54de0f89359888df17475b9cf0e0ef9e258;Od 19 do 25;Žensko;Student/ica;Splitsko-dalmatinska županija;"Splitska; Zagrebaèka ";Pristupaènost;Dva do èetiri puta tjedno;"Mobilno bankarstvo; Internet bankarstvo; Studentski paket (uljuèuje sve); Provjera stanja na raèunu";;"Nagrade (smanjene cijene za odreðene usluge); Jednostavnija i jasnija usluga";4;3;4;6
212;04ecf1eeade75b6d0322df98aced538d2c961c69;Od 19 do 25;Muško;Student/ica;Grad Zagreb;PBZ;Najbolji uvjeti i pogodnosti;Jednom u dva tjedna;"Internet bankarstvo; Studentski paket (uljuèuje sve)";;"Nagrade (smanjene cijene za odreðene usluge); Veæa sigurnost; Besplatne transakcije";5;4;4;4
215;3831ceb96afd0d18a5d51a96acb0b05167058589;Od 19 do 25;Muško;Student/ica;Splitsko-dalmatinska županija;Splitska;Preporuka prijatelja ili rodbine;Ne koristim bankomat;Studentski paket (uljuèuje sve);;Jednostavnija i jasnija usluga;1;4;3;4
216;ae0b23dcc205155cbc295cacd4fc47205ebee1f5;Od 19 do 25;Muško;Student/ica;Splitsko-dalmatinska županija;Splitska;Preporuka prijatelja ili rodbine;Jednom u dva tjedna;Štednja;;Jednostavnija i jasnija usluga;3;2;1;5
219;94c5d86a4b5b1fefd590704fd7323eaac105819e;Od 19 do 25;Muško;Student/ica;Splitsko-dalmatinska županija;Splitska;Preporuka prijatelja ili rodbine;Ne koristim bankomat;"Kontaktiranje Vašeg savjetnika u banci; Štednja; Provjera stanja na raèunu";;"Nagrade (smanjene cijene za odreðene usluge); Veæa sigurnost; Bolja uputstva za postavljanje Internet usluga; Besplatne transakcije";2;3;3;1
222;b7086a15411aabed952c2220de92e3519a592dc1;Od 19 do 25;Muško;Student/ica;Splitsko-dalmatinska županija;PBZ;Najbolji uvjeti i pogodnosti;Jednom tjedno;"Mobilno bankarstvo; Studentski paket (uljuèuje sve); Provjera stanja na raèunu; Plaæanje raèuna";PBZ je tako savršen da se nema što dodati.;Sve je savršeno, ne bih ništa promijenio/la;6;5;5;8
228;8bab087e9c2e9d9fd04617a0ea0fa9b2f9b7224f;Od 19 do 25;Žensko;Student/ica;Splitsko-dalmatinska županija;Splitska;Pristupaènost;Ne koristim bankomat;Studentski paket (uljuèuje sve);;"Nagrade (smanjene cijene za odreðene usluge); Jednostavnija i jasnija usluga; Besplatne transakcije";1;3;2;2
231;6cd3ed00c8d44434c5a07ad5e145eae7d5aaad30;Od 15 do 18;Žensko;Student/ica;Grad Zagreb;Zagrebaèka ;Preporuka prijatelja ili rodbine;Dva do èetiri puta tjedno;"Mobilno bankarstvo; Internet bankarstvo; Provjera stanja na raèunu; Plaæanje raèuna";;"Veæa sigurnost; Besplatne transakcije";3;3;4;5
239;9203306985558281a2c618997a3db7248498f66d;Od 19 do 25;Žensko;Student/ica;Splitsko-dalmatinska županija;PBZ;;Jednom tjedno;Studentski paket (uljuèuje sve);Nista;Besplatne transakcije;3;4;4;7
240;0bef43caa63e2f723dba904e7ede380720c22538;Od 19 do 25;Žensko;Student/ica;Splitsko-dalmatinska županija;Splitska;Pristupaènost;Jednom u dva tjedna;Provjera stanja na raèunu;;Nagrade (smanjene cijene za odreðene usluge);2;2;2;2
241;04fcac460379be01527855af7a7791e800621cb0;Od 19 do 25;Žensko;Student/ica;Splitsko-dalmatinska županija;Splitska;Najbolji uvjeti i pogodnosti;Ne koristim bankomat;Studentski paket (uljuèuje sve);;Veæa sigurnost;3;2;3;8
243;c05dc9634c750a2169db4e5f927d530d00235180;Od 19 do 25;Muško;Student/ica;Grad Zagreb;Hyppo;Pristupaènost;Jednom u dva tjedna;"Debitna ili kreditna kartica; Provjera stanja na raèunu";;"Jednostavnija i jasnija usluga; Besplatne transakcije";2;1;2;2
244;de234d8587361882984f117ac3823f09c4b97bdd;Od 19 do 25;Žensko;Student/ica;Splitsko-dalmatinska županija;PBZ;Preporuka prijatelja ili rodbine;Jednom tjedno;"Mobilno bankarstvo; Internet bankarstvo; Debitna ili kreditna kartica; Studentski paket (uljuèuje sve); Kontaktiranje Vašeg savjetnika u banci; Štednja; Provjera stanja na raèunu; Plaæanje raèuna";;"Nagrade (smanjene cijene za odreðene usluge); Besplatne transakcije";3;2;5;6
245;0c1a0f809c66c42340c303fa1526f6aa183744a7;Od 19 do 25;Muško;Student/ica;Splitsko-dalmatinska županija;PBZ;Preporuka prijatelja ili rodbine;Više od èetiri puta tjedno;Internet bankarstvo;;Besplatne transakcije;3;2;3;1
248;4a0a7a0687a936bde9ad59858ba06bf2e293d6ed;Od 19 do 25;Žensko;Student/ica;Splitsko-dalmatinska županija;"Splitska; PBZ";Preporuka prijatelja ili rodbine;Jednom u dva tjedna;Plaæanje raèuna;Ne koristim ;"Nagrade (smanjene cijene za odreðene usluge); Jednostavnija i jasnija usluga; Veæa sigurnost";3;1;1;2
249;de234d8587361882984f117ac3823f09c4b97bdd;Od 19 do 25;Muško;Student/ica;Splitsko-dalmatinska županija;"Splitska; PBZ";Pristupaènost;Više od èetiri puta tjedno;"Studentski paket (uljuèuje sve); Plaæanje raèuna";ne koristim;Sve je savršeno, ne bih ništa promijenio/la;4;;;5
251;04ecf1eeade75b6d0322df98aced538d2c961c69;Od 19 do 25;Žensko;Student/ica + zaposlen/a;Grad Zagreb;PBZ;Pristupaènost;Dva do èetiri puta tjedno;"Mobilno bankarstvo; Studentski paket (uljuèuje sve); Provjera stanja na raèunu";moguænost korištenja i bez internetskog pristupa;Nagrade (smanjene cijene za odreðene usluge);3;3;3;5
254;04ecf1eeade75b6d0322df98aced538d2c961c69;Od 19 do 25;Žensko;Student/ica;Grad Zagreb;PBZ;Preporuka prijatelja ili rodbine;Jednom tjedno;Studentski paket (uljuèuje sve);Ne bih ništa dodala.;Veæa sigurnost;3;4;4;3
256;04ecf1eeade75b6d0322df98aced538d2c961c69;Od 19 do 25;Žensko;Student/ica;Grad Zagreb;"PBZ; Zagrebaèka ";Pristupaènost;Jednom tjedno;"Mobilno bankarstvo; Internet bankarstvo; Provjera stanja na raèunu";;"Nagrade (smanjene cijene za odreðene usluge); Besplatne transakcije";3;2;3;4
257;ed1b27cdb77d23a91f97e53e9e41114c3b2229c1;Od 19 do 25;Žensko;Student/ica;Grad Zagreb;PBZ;Preporuka prijatelja ili rodbine;Dva do èetiri puta tjedno;"Internet bankarstvo; Debitna ili kreditna kartica; Štednja; Provjera stanja na raèunu; Plaæanje raèuna";Kalkulator za izraèun otplate kredita;Sve je savršeno, ne bih ništa promijenio/la;6;5;5;2
260;04ecf1eeade75b6d0322df98aced538d2c961c69;Od 19 do 25;Žensko;Student/ica;Zagrebaèka županija;PBZ;;Jednom tjedno;"Studentski paket (uljuèuje sve); Provjera stanja na raèunu";ne koristim;Jednostavnija i jasnija usluga;0;1;1;1
261;e99bbf4b01e8c9acc02defd0bbea0c23ba58cbd0;Od 19 do 25;Muško;Nezaposlen/a;Varaždinska županija;"PBZ; Zagrebaèka ";Najbolji uvjeti i pogodnosti;Jednom u dva tjedna;"Internet bankarstvo; Debitna ili kreditna kartica; Provjera stanja na raèunu; Plaæanje raèuna";;"Nagrade (smanjene cijene za odreðene usluge); Besplatne transakcije";2;4;4;5
263;04ecf1eeade75b6d0322df98aced538d2c961c69;Od 19 do 25;Žensko;Student/ica;Grad Zagreb;Raiffeisen;;Jednom u dva tjedna;Mobilno bankarstvo;;Besplatne transakcije;3;1;1;2
265;04ecf1eeade75b6d0322df98aced538d2c961c69;Od 19 do 25;Žensko;Student/ica;Grad Zagreb;"Splitska; HPB";Preporuka prijatelja ili rodbine;Jednom tjedno;Ne koristim bankarske usluge;;Da je besplatno;1;;;3
266;04ecf1eeade75b6d0322df98aced538d2c961c69;Od 19 do 25;Muško;Student/ica;Grad Zagreb;PBZ;Preporuka prijatelja ili rodbine;Jednom tjedno;"Internet bankarstvo; Provjera stanja na raèunu";;"Jednostavnija i jasnija usluga; Veæa sigurnost; Bolja uputstva za postavljanje Internet usluga";3;3;2;3
267;04ecf1eeade75b6d0322df98aced538d2c961c69;Od 19 do 25;Muško;Student/ica;Grad Zagreb;Zagrebaèka ;Preporuka prijatelja ili rodbine;Jednom tjedno;"Internet bankarstvo; Studentski paket (uljuèuje sve); Provjera stanja na raèunu; Plaæanje raèuna";;"Nagrade (smanjene cijene za odreðene usluge); Jednostavnija i jasnija usluga; Veæa sigurnost; Besplatne transakcije";3;;3;1
271;3bf463a365c20eeefc11b71888fdeae691ad2836;Od 19 do 25;Muško;Student/ica;Grad Zagreb;PBZ;;Jednom tjedno;"Studentski paket (uljuèuje sve); Štednja";;"Nagrade (smanjene cijene za odreðene usluge); Jednostavnija i jasnija usluga; Besplatne transakcije";4;5;5;5
273;f70d2fb040bc74c2ebd7797323b1d6d1eb8ff6de;Od 19 do 25;Žensko;Student/ica;Zagrebaèka županija;Podravska;Pristupaènost;Jednom u dva tjedna;Ne koristim bankarske usluge;;"Nagrade (smanjene cijene za odreðene usluge); Jednostavnija i jasnija usluga; Telefonska pomoæ pri postavaljanju Internet usluga; Besplatne transakcije";2;2;2;4
274;9e3f81c83c9110a40f508443dac8617981506ef5;Od 19 do 25;Žensko;Student/ica;Grad Zagreb;Bank of America;Preporuka prijatelja ili rodbine;Jednom u dva tjedna;"Mobilno bankarstvo; Internet bankarstvo; Debitna ili kreditna kartica; Kontaktiranje Vašeg savjetnika u banci; Štednja; Provjera stanja na raèunu";Dodala bih funkciju za odreðivanje budžeta. Inaèe koristim zasebnu aplikaciju za to, pa bi ovako sve bilo na istome mjestu.;Jednostavnija i jasnija usluga;3;3;3;3
275;92dc430e4e1beb87c54d9bb111154e3a1ca64489;Od 19 do 25;Muško;Student/ica;Grad Zagreb;Zagrebaèka ;Preporuka prijatelja ili rodbine;Jednom u dva tjedna;"Mobilno bankarstvo; Internet bankarstvo; Studentski paket (uljuèuje sve); Plaæanje raèuna";;"Nagrade (smanjene cijene za odreðene usluge); Veæa sigurnost";5;4;4;5
276;22000af7aa5aeeeed8ed544e6c4cd6e35f1216ce;Od 15 do 18;Žensko;Srednjoškolac/ka;Grad Zagreb;Zagrebaèka ;Preporuka prijatelja ili rodbine;Jednom u dva tjedna;"Debitna ili kreditna kartica; Provjera stanja na raèunu";Ne kiristim;"Nagrade (smanjene cijene za odreðene usluge); Jednostavnija i jasnija usluga; Besplatne transakcije";3;2;3;5
279;9f2acfdc748888bca4b46d5d26af4a83e7d4f931;Od 19 do 25;Žensko;Student/ica;Splitsko-dalmatinska županija;"Splitska; Zagrebaèka ";Pristupaènost;Više od èetiri puta tjedno;"Mobilno bankarstvo; Internet bankarstvo; Studentski paket (uljuèuje sve)";Ima meni sve potrebno;Nagrade (smanjene cijene za odreðene usluge);5;5;5;5
280;04ecf1eeade75b6d0322df98aced538d2c961c69;Od 19 do 25;Žensko;Student/ica;Brodsko-posavska županija;PBZ;;Jednom tjedno;Provjera stanja na raèunu;ne koristim;"Jednostavnija i jasnija usluga; Veæa sigurnost; Bolja uputstva za postavljanje Internet usluga";3;;;3
281;ac4da26f51b70b313b4db8cc8febe6f5b19d497e;Od 19 do 25;Žensko;Student/ica;Grad Zagreb;PBZ;Preporuka prijatelja ili rodbine;Jednom tjedno;Ne koristim bankarske usluge;;Besplatne transakcije;2;4;3;6
283;04ecf1eeade75b6d0322df98aced538d2c961c69;Od 19 do 25;Muško;Student/ica;Grad Zagreb;PBZ;Pristupaènost;Jednom u dva tjedna;"Štednja; Provjera stanja na raèunu";;Besplatne transakcije;2;4;4;6
286;7eb6f632ef856c1eed6d561eaaf587557f953741;Od 19 do 25;Žensko;Student/ica + zaposlen/a;Grad Zagreb;otp banka;Najbolji uvjeti i pogodnosti;Jednom tjedno;"Internet bankarstvo; Štednja; Provjera stanja na raèunu; Plaæanje raèuna";Prebacivanje novaca sa žiro raèuna na karticu;"Nagrade (smanjene cijene za odreðene usluge); Besplatne transakcije";4;4;4;5
288;21f69f503223f05706a059f3dabafecb2791de58;Od 15 do 18;Muško;Srednjoškolac/ka;Grad Zagreb;Nemam raèun;Najbolji uvjeti i pogodnosti;Jednom u dva tjedna;"Studentski paket (uljuèuje sve); Osiguranje";;Veæa sigurnost;3;3;3;4
289;fa25c4ddf3b6c0f10b061177b61df95b13aef4bb;Od 19 do 25;Žensko;Nezaposlen/a;Meðimurska županija;ERSTE;Najbolji uvjeti i pogodnosti;Jednom u dva tjedna;"Debitna ili kreditna kartica; Provjera stanja na raèunu";;Jednostavnija i jasnija usluga;4;3;4;4
290;c4a104e2a5a2b11d47112eff69632fa265e3c9d7;Od 19 do 25;Žensko;Student/ica;Grad Zagreb;"PBZ; Zagrebaèka ";Pristupaènost;Jednom tjedno;"Mobilno bankarstvo; Internet bankarstvo; Studentski paket (uljuèuje sve); Provjera stanja na raèunu; Plaæanje raèuna";;"Nagrade (smanjene cijene za odreðene usluge); Veæa sigurnost; Besplatne transakcije";4;3;3;4
299;ceb2a80d3d169379161dc088a25b8b1ee3977e29;Od 19 do 25;Muško;Student/ica;Grad Zagreb;Zagrebaèka ;Najbolji uvjeti i pogodnosti;Jednom u dva tjedna;"Mobilno bankarstvo; Internet bankarstvo; Debitna ili kreditna kartica; Studentski paket (uljuèuje sve); Štednja; Provjera stanja na raèunu; Plaæanje raèuna";otvaranje štednje preko mobitela;"Nagrade (smanjene cijene za odreðene usluge); Besplatne transakcije";4;3;5;5
303;b27baed02c802dee9bace8f64d8f848a90e0c168;Od 19 do 25;Muško;Student/ica;Zagrebaèka županija;PBZ;Preporuka prijatelja ili rodbine;Jednom u dva tjedna;"Internet bankarstvo; Plaæanje raèuna";Zasad je sve ok;Besplatne transakcije;4;4;4;5
304;a7c0bd4e9db1775b8532de0ff72ed86fa66d3ded;Od 19 do 25;Žensko;Student/ica;Zagrebaèka županija;PBZ;Preporuka prijatelja ili rodbine;Jednom u dva tjedna;Debitna ili kreditna kartica;;Jednostavnija i jasnija usluga;1;;;6
308;0ee2cf7b3b07f4fee9cfc3274d98e8ceb5b42497;Od 19 do 25;Žensko;Student/ica;Grad Zagreb;PBZ;Preporuka prijatelja ili rodbine;Jednom u dva tjedna;Ne koristim bankarske usluge;ne koristim je.;Besplatne transakcije;3;4;3;4
313;a2624e0936a4eaf649215be5debbc4c44c5e2c34;Više od 25;Muško;Zaposlen/a;Grad Zagreb;Zagrebaèka ;Preporuka prijatelja ili rodbine;Jednom u dva tjedna;"Internet bankarstvo; Štednja; Provjera stanja na raèunu";;Veæa sigurnost;5;;4;4
314;9e33c91869cf7747583c868efef396d3b86e7599;Od 19 do 25;Muško;Student/ica;Zagrebaèka županija;PBZ;Pristupaènost;Ne koristim bankomat;"Štednja; Provjera stanja na raèunu; Investiranje";;"Nagrade (smanjene cijene za odreðene usluge); Jednostavnija i jasnija usluga; Veæa sigurnost; Telefonska pomoæ pri postavaljanju Internet usluga; Bolja uputstva za postavljanje Internet usluga; Besplatne transakcije";1;1;1;1
320;08cc81f0fa50df44575322d6d1748423d31c6d89;Od 19 do 25;Muško;Zaposlen/a;Grad Zagreb;ERSTE;Najbolji uvjeti i pogodnosti;Jednom u dva tjedna;"Mobilno bankarstvo; Internet bankarstvo; Debitna ili kreditna kartica; Studentski paket (uljuèuje sve); Štednja; Provjera stanja na raèunu; Plaæanje raèuna";;Pa lakše mi je sve obaviti sjedeæi za laptopom nego da moram iæi u banku;6;5;5;6
321;5094b704b6517ee9f0fbf96dfad2326192f8e57a;Više od 25;Muško;Zaposlen/a;Krapinsko-zagorska ;PBZ;;Dva do èetiri puta tjedno;Studentski paket (uljuèuje sve);;Jednostavnija i jasnija usluga;5;4;5;5
325;8e2aa513d356481e7749f82412ac402b02deee5e;Više od 25;Muško;Zaposlen/a;Grad Zagreb;PBZ;Najbolji uvjeti i pogodnosti;Dva do èetiri puta tjedno;"Internet bankarstvo; Debitna ili kreditna kartica; Štednja; Provjera stanja na raèunu";;Nagrade (smanjene cijene za odreðene usluge);3;5;5;4
329;306059903d1acf630ffe07624bc1ff2d2e6ce4e7;Od 19 do 25;Muško;Student/ica;Grad Zagreb;"PBZ; Zagrebaèka ";Preporuka prijatelja ili rodbine;Jednom u dva tjedna;"Debitna ili kreditna kartica; Štednja";;"Nagrade (smanjene cijene za odreðene usluge); Besplatne transakcije";2;5;;3
334;8c9fa53f501f6f59c949abdba92cdafbeccd0d4f;Od 19 do 25;Muško;Student/ica;Grad Zagreb;Zagrebaèka ;Preporuka prijatelja ili rodbine;Jednom u dva tjedna;"Mobilno bankarstvo; Internet bankarstvo; Debitna ili kreditna kartica; Studentski paket (uljuèuje sve); Provjera stanja na raèunu; Plaæanje raèuna";;"Nagrade (smanjene cijene za odreðene usluge); Veæa sigurnost; Besplatne transakcije";4;4;4;4
340;89b20d40d75a3070bbfd32f1df89a7c7d2c5d0d6;Više od 25;Muško;Student/ica;Grad Zagreb;PBZ;Pristupaènost;Jednom tjedno;"Mobilno bankarstvo; Internet bankarstvo; Debitna ili kreditna kartica; Štednja; Plaæanje raèuna; Investiranje; Kredit";lakše prebacivanje sredstava izmeðu vlastitih raèuna;Sve je savršeno, ne bih ništa promijenio/la;5;5;5;5
342;4cd917d2f60c0f35a27d291ab5fbb038329b856c;Od 19 do 25;Muško;Student/ica;Grad Zagreb;"Zagrebaèka ; HPB";Preporuka prijatelja ili rodbine;Više od èetiri puta tjedno;"Mobilno bankarstvo; Internet bankarstvo; Provjera stanja na raèunu";;"Nagrade (smanjene cijene za odreðene usluge); Jednostavnija i jasnija usluga; Besplatne transakcije";3;3;4;6
343;f9779d996152d8620e94dee6c164286920808b0e;Od 19 do 25;Muško;Student/ica + zaposlen/a;Grad Zagreb;PBZ;Preporuka prijatelja ili rodbine;Jednom tjedno;"Internet bankarstvo; Studentski paket (uljuèuje sve); Štednja; Provjera stanja na raèunu; Plaæanje raèuna";;Besplatne transakcije;4;4;4;4
345;cda54f68ce0d98fe10637e4ff0cd4b4d597f5e34;Od 19 do 25;Muško;Student/ica;Zagrebaèka županija;HPB;Pristupaènost;Jednom u dva tjedna;Prepaid kartica;;"Nagrade (smanjene cijene za odreðene usluge); Besplatne transakcije";3;5;3;6
346;f5fe25a2116dc6bee005b442138eacf2c42efe1a;Od 19 do 25;Muško;Student/ica;Grad Zagreb;PBZ;Pristupaènost;Jednom u dva tjedna;"Mobilno bankarstvo; Debitna ili kreditna kartica";;Bolja uputstva za postavljanje Internet usluga;3;4;4;2
348;23d67c8b666565a4859792c9032c211be51dd02b;Od 19 do 25;Muško;Student/ica;Grad Zagreb;Zagrebaèka ;Preporuka prijatelja ili rodbine;Dva do èetiri puta tjedno;"Mobilno bankarstvo; Internet bankarstvo; Debitna ili kreditna kartica; Studentski paket (uljuèuje sve); Štednja; Investiranje";trgovanje dionicama;"Nagrade (smanjene cijene za odreðene usluge); Besplatne transakcije";4;3;4;5
351;7a56b1c0941b68556409eb7d47cb0ef360cc5fa4;Više od 25;Muško;Zaposlen/a;Grad Zagreb;PBZ;;Ne koristim bankomat;Ne koristim bankarske usluge;;Ako nije besplatno, necu ga koristiti.;3;1;3;1
353;95766fdb9d10b2559ac133bb6834c75a08dcb7c9;Od 19 do 25;Žensko;Student/ica + zaposlen/a;Grad Zagreb;"PBZ; Zagrebaèka ";Pristupaènost;Jednom tjedno;"Studentski paket (uljuèuje sve); Štednja; Plaæanje raèuna; Investiranje";;Sve je savršeno, ne bih ništa promijenio/la;4;3;4;6
359;822cd2571383eab578addd9d856d79f3b1ceed5f;Više od 25;Muško;Zaposlen/a;Grad Zagreb;"PBZ; Zagrebaèka ";Pristupaènost;Jednom tjedno;"Mobilno bankarstvo; Internet bankarstvo; Debitna ili kreditna kartica; Štednja; Provjera stanja na raèunu; Plaæanje raèuna; Investiranje";;"Nagrade (smanjene cijene za odreðene usluge); Besplatne transakcije";6;3;5;4
362;ae0af3b048edc88790694e4d5e30116b75cf6874;Od 19 do 25;Muško;Student/ica;Grad Zagreb;ERSTE;Pristupaènost;Jednom tjedno;"Mobilno bankarstvo; Internet bankarstvo; Debitna ili kreditna kartica; Provjera stanja na raèunu; Plaæanje raèuna";;"Nagrade (smanjene cijene za odreðene usluge); Besplatne transakcije";5;4;4;5
363;4ce9923bf77a164dd7faa36873d94058fb5c49ed;Od 19 do 25;Žensko;Student/ica;Grad Zagreb;Splitska;Najbolji uvjeti i pogodnosti;Dva do èetiri puta tjedno;Debitna ili kreditna kartica;;"Nagrade (smanjene cijene za odreðene usluge); Besplatne transakcije";3;4;5;6
366;34c698353c2517b8d05105cd9e3a5a6b70e448ee;Od 19 do 25;Žensko;Student/ica;Grad Zagreb;"PBZ; Zagrebaèka ";Preporuka prijatelja ili rodbine;Jednom tjedno;Studentski paket (uljuèuje sve);;"Nagrade (smanjene cijene za odreðene usluge); Besplatne transakcije";3;3;4;5
367;701614a4d3d710dbde631ca8e706489cfa5e9005;Od 19 do 25;Muško;Student/ica;Grad Zagreb;PBZ;Pristupaènost;Jednom tjedno;"Mobilno bankarstvo; Debitna ili kreditna kartica; Studentski paket (uljuèuje sve); Provjera stanja na raèunu";;"Nagrade (smanjene cijene za odreðene usluge); Besplatne transakcije";3;3;5;5
368;8c809a1a4bd9ce8b3efba75a36b5ca5b5743e6d2;Od 19 do 25;Muško;Student/ica;Grad Zagreb;HPB ;Preporuka prijatelja ili rodbine;Jednom u dva tjedna;"Mobilno bankarstvo; Internet bankarstvo; Štednja; Provjera stanja na raèunu; Plaæanje raèuna";;"Nagrade (smanjene cijene za odreðene usluge); Besplatne transakcije";3;3;4;4
370;0474556a7e8ccb80ac841f0ca3f0b0daf47f42e9;Od 19 do 25;Muško;Student/ica;Grad Zagreb;PBZ;Pristupaènost;Jednom u dva tjedna;"Mobilno bankarstvo; Internet bankarstvo; Debitna ili kreditna kartica; Studentski paket (uljuèuje sve); Plaæanje raèuna";Ima sve što mi trenutno treba.;Jednostavnija i jasnija usluga;4;4;4;5
371;1d4dc7542c23e49a49e68b41153b73d91312ac8b;Od 19 do 25;Žensko;Student/ica;Grad Zagreb;Zagrebaèka ;Pristupaènost;Jednom u dva tjedna;"Mobilno bankarstvo; Internet bankarstvo; Studentski paket (uljuèuje sve); Provjera stanja na raèunu; Plaæanje raèuna";;"Jednostavnija i jasnija usluga; Besplatne transakcije";5;4;5;6
373;cc56e95dacf441170be9ef353d1d63f75f4b4579;Od 19 do 25;Muško;Student/ica;Grad Zagreb;Zagrebaèka ;Preporuka prijatelja ili rodbine;Jednom u dva tjedna;Provjera stanja na raèunu;;Besplatne transakcije;2;3;3;4
374;d1e58f45b5e7c86b7d57309bbceab6a8e0c40fbd;Više od 25;Muško;Zaposlen/a;Zagrebaèka županija;Zagrebaèka ;Najbolji uvjeti i pogodnosti;Jednom tjedno;"Mobilno bankarstvo; Internet bankarstvo; Debitna ili kreditna kartica; Štednja; Provjera stanja na raèunu; Plaæanje raèuna";;Nagrade (smanjene cijene za odreðene usluge);5;3;4;4
375;faad6f8ce58e2564b1e52cbc3c2fc8403d211f6c;Od 19 do 25;Muško;Student/ica;Zagrebaèka županija;Zagrebaèka ;Preporuka prijatelja ili rodbine;Jednom tjedno;Ne koristim bankarske usluge;;Jednostavnija i jasnija usluga;3;5;5;6
377;af250f00e5ec13095ad081bf79cceeaa8177b713;Od 19 do 25;Muško;Student/ica;Grad Zagreb;Podravska;Pristupaènost;Jednom u dva tjedna;"Studentski paket (uljuèuje sve); Štednja; Provjera stanja na raèunu";;"Nagrade (smanjene cijene za odreðene usluge); Besplatne transakcije";3;4;5;5
378;bb5d95e666772e6f634a154e4833dccf27082cd8;Više od 25;Muško;Zaposlen/a;Grad Zagreb;Zagrebaèka ;;Dva do èetiri puta tjedno;"Mobilno bankarstvo; Internet bankarstvo";;"Nagrade (smanjene cijene za odreðene usluge); Jednostavnija i jasnija usluga; Besplatne transakcije";3;4;4;3
380;af250f00e5ec13095ad081bf79cceeaa8177b713;Od 19 do 25;Žensko;Student/ica;Grad Zagreb;"ERSTE; Raiffeisen";Preporuka prijatelja ili rodbine;Jednom u dva tjedna;"Kontaktiranje Vašeg savjetnika u banci; Provjera stanja na raèunu";;"Nagrade (smanjene cijene za odreðene usluge); Veæa sigurnost";3;2;2;5
381;04ecf1eeade75b6d0322df98aced538d2c961c69;Od 19 do 25;Muško;Student/ica;Zagrebaèka županija;PBZ;Najbolji uvjeti i pogodnosti;Jednom tjedno;"Internet bankarstvo; Debitna ili kreditna kartica; Studentski paket (uljuèuje sve); Plaæanje raèuna";;Sve je savršeno, ne bih ništa promijenio/la;5;5;5;6
382;05c0605b611c84ea26dc72552229520a75aa1d95;Od 19 do 25;Žensko;Student/ica;Grad Zagreb;PBZ;Najbolji uvjeti i pogodnosti;Ne koristim bankomat;"Štednja; Provjera stanja na raèunu";;"Nagrade (smanjene cijene za odreðene usluge); Veæa sigurnost";3;3;4;5
385;fcf922f9a49def38b7514041c9cb7fc2005552db;Od 19 do 25;Muško;Student/ica;Grad Zagreb;Zagrebaèka ;Preporuka prijatelja ili rodbine;Jednom u dva tjedna;"Štednja; Plaæanje raèuna";;"Jednostavnija i jasnija usluga; Veæa sigurnost";4;;;4
387;cda54f68ce0d98fe10637e4ff0cd4b4d597f5e34;Od 19 do 25;Muško;Student/ica;Grad Zagreb;Zagrebaèka ;Preporuka prijatelja ili rodbine;Jednom u dva tjedna;"Internet bankarstvo; Štednja";;"Nagrade (smanjene cijene za odreðene usluge); Jednostavnija i jasnija usluga; Besplatne transakcije";3;3;3;4
388;af250f00e5ec13095ad081bf79cceeaa8177b713;Od 19 do 25;Muško;Student/ica;Varaždinska županija;ERSTE;Preporuka prijatelja ili rodbine;Dva do èetiri puta tjedno;"Debitna ili kreditna kartica; Provjera stanja na raèunu";;Jednostavnija i jasnija usluga;2;1;2;2
389;04ecf1eeade75b6d0322df98aced538d2c961c69;Od 19 do 25;Muško;Student/ica;Varaždinska županija;PBZ;Najbolji uvjeti i pogodnosti;Dva do èetiri puta tjedno;"Mobilno bankarstvo; Debitna ili kreditna kartica; Studentski paket (uljuèuje sve); Kontaktiranje Vašeg savjetnika u banci; Štednja; Provjera stanja na raèunu; Plaæanje raèuna; Investiranje";;Besplatne transakcije;6;4;4;6
391;8d53b062e65b9941729e8bae0c5b5c4acc053862;Od 19 do 25;Žensko;Student/ica;Grad Zagreb;PBZ;Pristupaènost;Ne koristim bankomat;Studentski paket (uljuèuje sve);;Jednostavnija i jasnija usluga;3;2;3;5
393;c6ce7df15b9737a423bcf2aedd128670aa583d41;Od 19 do 25;Muško;Student/ica;Zagrebaèka županija;Raiffeisen;Pristupaènost;Ne koristim bankomat;"Internet bankarstvo; Studentski paket (uljuèuje sve); Provjera stanja na raèunu";;"Nagrade (smanjene cijene za odreðene usluge); Veæa sigurnost; Besplatne transakcije";1;1;1;5
394;db8de129b8ae6f6bd28fa9dc5b4be0ae010644a6;Od 19 do 25;Muško;Student/ica;Zagrebaèka županija;PBZ;Najbolji uvjeti i pogodnosti;Jednom u dva tjedna;Studentski paket (uljuèuje sve);baš naprotiv, smatram da za mene osobno ima previše funkcija;Veæa sigurnost;3;4;4;4
395;04ecf1eeade75b6d0322df98aced538d2c961c69;Od 19 do 25;Muško;Student/ica;Grad Zagreb;Hypo ;Preporuka prijatelja ili rodbine;Jednom u dva tjedna;"Internet bankarstvo; Debitna ili kreditna kartica; Provjera stanja na raèunu";Dostupnost za Windows Phone operativni sustav!;Nagrade (smanjene cijene za odreðene usluge);4;4;4;5
396;d8954202cfd4824c98095898a98ad51a0ab7218f;Više od 25;Muško;Zaposlen/a;Grad Zagreb;PBZ;Preporuka prijatelja ili rodbine;Jednom tjedno;"Internet bankarstvo; Studentski paket (uljuèuje sve); Štednja; Provjera stanja na raèunu; Plaæanje raèuna";;"Nagrade (smanjene cijene za odreðene usluge); Veæa sigurnost; Besplatne transakcije";4;4;5;5
397;57861aa63fc49e5327cdb07afb905765a8c808ce;Više od 25;Žensko;Zaposlen/a;Grad Zagreb;PBZ;Pristupaènost;Jednom tjedno;"Internet bankarstvo; Provjera stanja na raèunu; Plaæanje raèuna";;Besplatne transakcije;3;4;4;5
398;953ea979919dc28849094284733f6bc80539bd80;Više od 25;Muško;Zaposlen/a;Grad Zagreb;PBZ;Najbolji uvjeti i pogodnosti;Jednom u dva tjedna;"Internet bankarstvo; Debitna ili kreditna kartica; Štednja; Provjera stanja na raèunu; Plaæanje raèuna";Mogucnost devizne obnove orocenja bez potrebe za deviznim racunom na koji se privremeno moraju spremiti sredstva.;"Nagrade (smanjene cijene za odreðene usluge); Besplatne transakcije";4;4;5;5
399;a3bf3e7677fe2733c2a72a0cff94b4efa5dc6467;Od 19 do 25;Muško;Student/ica;Grad Zagreb;Zagrebaèka ;Pristupaènost;Ne koristim bankomat;Debitna ili kreditna kartica;;Bolja reklama i uputstva u (ne)sigurnost same usluge;0;2;1;2
400;89e1bfebb3f9908d03a3854208ad17fa64266601;Od 19 do 25;Muško;Student/ica;Grad Zagreb;Zagrebaèka ;Preporuka prijatelja ili rodbine;Ne koristim bankomat;"Štednja; Provjera stanja na raèunu";;"Veæa sigurnost; Besplatne transakcije";4;3;3;2
403;2bcba6facfdc3277749990d296c5cdabbe647054;Od 19 do 25;Muško;Student/ica;Grad Zagreb;Zagrebaèka ;Preporuka prijatelja ili rodbine;Jednom tjedno;"Mobilno bankarstvo; Internet bankarstvo; Debitna ili kreditna kartica; Studentski paket (uljuèuje sve); Plaæanje raèuna";Sir;"Jednostavnija i jasnija usluga; Besplatne transakcije";6;5;5;5
405;1e798f8901da5ac46cab5c312cc6ab6a943f7977;Od 19 do 25;Muško;Student/ica + zaposlen/a;Grad Zagreb;PBZ;Pristupaènost;Jednom u dva tjedna;Debitna ili kreditna kartica;;"Jednostavnija i jasnija usluga; Bolja uputstva za postavljanje Internet usluga; Besplatne transakcije";1;5;4;2
408;04ecf1eeade75b6d0322df98aced538d2c961c69;Od 19 do 25;Muško;Student/ica;Grad Zagreb;PBZ;;Jednom tjedno;Studentski paket (uljuèuje sve);;Sve je savršeno, ne bih ništa promijenio/la;2;3;4;5
410;c95fe4a52cb3598f71ceea4f70a14369eb1dfea2;Od 19 do 25;Žensko;Student/ica;Istarska županija;PBZ;Preporuka prijatelja ili rodbine;Dva do èetiri puta tjedno;"Mobilno bankarstvo; Internet bankarstvo; Štednja; Provjera stanja na raèunu; Plaæanje raèuna; Osiguranje";;Veæa sigurnost;3;3;3;4
411;9cdcdc9edc89f5c7fa55a3685e3833498ce64f5c;Od 19 do 25;Žensko;Student/ica;Grad Zagreb;"PBZ; Zagrebaèka ";Najbolji uvjeti i pogodnosti;Jednom u dva tjedna;"Mobilno bankarstvo; Internet bankarstvo; Provjera stanja na raèunu";;Bolja uputstva za postavljanje Internet usluga;3;4;4;3
412;a4d4e76fa0204d5e2c1ed5925ca21c6657fab8b2;Od 19 do 25;Žensko;Student/ica;Grad Zagreb;ERSTE;Preporuka prijatelja ili rodbine;Jednom tjedno;"Internet bankarstvo; Plaæanje raèuna";;"Nagrade (smanjene cijene za odreðene usluge); Jednostavnija i jasnija usluga; Veæa sigurnost; Bolja uputstva za postavljanje Internet usluga";3;4;4;5
414;4557aa117bac519e2f2347a4eae7865389903d2b;Od 19 do 25;Žensko;Student/ica;Grad Zagreb;Nemam raèun;;Ne koristim bankomat;Ne koristim bankarske usluge;;Jednostavnija i jasnija usluga;0;2;2;2
415;2136fee4860674520d598ef987a64e96d556ce71;Od 19 do 25;Žensko;Student/ica + zaposlen/a;Primorsko-goranska županija;ERSTE;Preporuka prijatelja ili rodbine;Jednom u dva tjedna;"Mobilno bankarstvo; Internet bankarstvo; Debitna ili kreditna kartica; Provjera stanja na raèunu; Plaæanje raèuna";;"Nagrade (smanjene cijene za odreðene usluge); Jednostavnija i jasnija usluga; Besplatne transakcije";5;;5;5
416;ca6a8ae9e52bde77dcc84d04535bd1d802b5df13;Od 19 do 25;Žensko;Student/ica;Meðimurska županija;PBZ;Preporuka prijatelja ili rodbine;Jednom tjedno;Studentski paket (uljuèuje sve);;Besplatne transakcije;3;4;5;4
418;32a1a27f5081fe53dc895f2754c4711e7e6cbf2e;Od 19 do 25;Žensko;Student/ica;Grad Zagreb;Zagrebaèka ;Pristupaènost;Jednom u dva tjedna;"Mobilno bankarstvo; Internet bankarstvo; Debitna ili kreditna kartica; Studentski paket (uljuèuje sve); Provjera stanja na raèunu";;"Jednostavnija i jasnija usluga; Veæa sigurnost; Bolja uputstva za postavljanje Internet usluga; Besplatne transakcije";2;3;3;5
419;c95fe4a52cb3598f71ceea4f70a14369eb1dfea2;Od 19 do 25;Muško;Student/ica;Grad Zagreb;PBZ;Najbolji uvjeti i pogodnosti;Jednom tjedno;"Internet bankarstvo; Štednja";;Besplatne transakcije;4;3;5;6
420;0474556a7e8ccb80ac841f0ca3f0b0daf47f42e9;Od 19 do 25;Žensko;Student/ica + zaposlen/a;Grad Zagreb;PBZ;Preporuka prijatelja ili rodbine;Jednom u dva tjedna;"Mobilno bankarstvo; Studentski paket (uljuèuje sve); Provjera stanja na raèunu";;"Nagrade (smanjene cijene za odreðene usluge); Veæa sigurnost";3;3;3;5
421;0d990193b21c524603a8ccdbbeddc133e28eb4be;Od 19 do 25;Žensko;Student/ica;Grad Zagreb;PBZ;Preporuka prijatelja ili rodbine;Dva do èetiri puta tjedno;"Mobilno bankarstvo; Studentski paket (uljuèuje sve)";;Besplatne transakcije;3;3;2;3
422;4f7449df72eb58e7b599b075e74b66746ee8d74c;Od 19 do 25;Žensko;Student/ica;Grad Zagreb;HPB ;Preporuka prijatelja ili rodbine;Jednom tjedno;"Debitna ili kreditna kartica; Provjera stanja na raèunu";;ne koristim ga;3;2;3;5
423;cc6790d9d0389b3e367e22f67f3d0d25683ad258;Od 19 do 25;Žensko;Student/ica;Primorsko-goranska županija;"Zagrebaèka ; ERSTE";Najbolji uvjeti i pogodnosti;Dva do èetiri puta tjedno;Studentski paket (uljuèuje sve);;Besplatne transakcije;4;4;4;5
424;0474556a7e8ccb80ac841f0ca3f0b0daf47f42e9;Od 19 do 25;Žensko;Student/ica + zaposlen/a;Grad Zagreb;otp;Pristupaènost;Jednom u dva tjedna;"Internet bankarstvo; Kontaktiranje Vašeg savjetnika u banci; Štednja; Provjera stanja na raèunu";;"Nagrade (smanjene cijene za odreðene usluge); Jednostavnija i jasnija usluga; Veæa sigurnost; Telefonska pomoæ pri postavaljanju Internet usluga; Besplatne transakcije";4;;1;5
425;ab6519cefafb91207c13c8d18e20122f7367431a;Od 19 do 25;Žensko;Student/ica + zaposlen/a;Grad Zagreb;ERSTE;Preporuka prijatelja ili rodbine;Jednom u dva tjedna;"Internet bankarstvo; Plaæanje raèuna";;"Nagrade (smanjene cijene za odreðene usluge); Besplatne transakcije";4;5;5;7
426;6755559f29dfb0c5f9a0334490515e21f74a6d00;Od 19 do 25;Žensko;Student/ica + zaposlen/a;Istarska županija;Zagrebaèka ;Pristupaènost;Jednom u dva tjedna;"Mobilno bankarstvo; Internet bankarstvo; Debitna ili kreditna kartica; Provjera stanja na raèunu";;"Jednostavnija i jasnija usluga; Besplatne transakcije";4;3;4;5
428;f531289b627f41dbc24774a8430d6fa75b85ab03;Od 19 do 25;Žensko;Student/ica;Grad Zagreb;PBZ;Pristupaènost;Jednom u dva tjedna;"Mobilno bankarstvo; Studentski paket (uljuèuje sve); Provjera stanja na raèunu";;"Nagrade (smanjene cijene za odreðene usluge); Jednostavnija i jasnija usluga; Veæa sigurnost";3;4;3;5
429;42496065feefd6a2659e2ac20f913a6b0e926b36;Od 19 do 25;Muško;Student/ica;Grad Zagreb;PBZ;Najbolji uvjeti i pogodnosti;Jednom u dva tjedna;Debitna ili kreditna kartica;;Jednostavnija i jasnija usluga;2;3;;2
431;91c3dc0ef4136fd9d359a29c5289e39596a79a8f;Od 19 do 25;Žensko;Student/ica;Zagrebaèka županija;HYPO ;Pristupaènost;Jednom tjedno;"Štednja; Provjera stanja na raèunu";;"Jednostavnija i jasnija usluga; Veæa sigurnost";3;4;3;4
432;bb3fcf2b369679d5d92cbf3f7929aeb61503470b;Od 19 do 25;Žensko;Student/ica;Grad Zagreb;Hypo;Preporuka prijatelja ili rodbine;Jednom tjedno;Studentski paket (uljuèuje sve);;"Nagrade (smanjene cijene za odreðene usluge); Veæa sigurnost; Bolja uputstva za postavljanje Internet usluga; Besplatne transakcije";5;;5;7
433;8b4eb5f4a9fce384e2df8b013e7ce05c70a07dea;Od 19 do 25;Žensko;Student/ica;Grad Zagreb;Zagrebaèka ;Pristupaènost;Jednom u dva tjedna;Studentski paket (uljuèuje sve);;"Jednostavnija i jasnija usluga; Veæa sigurnost";3;3;3;4
434;00b8ab729f2e48ce36103357521742dc24e86b91;Od 19 do 25;Muško;Student/ica;Istarska županija;Unicredit;Pristupaènost;Jednom tjedno;Internet bankarstvo;;Besplatne transakcije;4;4;4;6
435;9e56c14b0fc7325c2ba3bad377501d730a67d23b;Od 19 do 25;Žensko;Student/ica;Zadarska županija;PBZ;Pristupaènost;Ne koristim bankomat;Studentski paket (uljuèuje sve);;Bolja uputstva za postavljanje Internet usluga;3;3;5;4
437;041564a837b5e7bfbe1a851f747ae6d70a9d2de3;Od 19 do 25;Žensko;Student/ica;Primorsko-goranska županija;Hypo;Preporuka prijatelja ili rodbine;Jednom u dva tjedna;Štednja;;Nagrade (smanjene cijene za odreðene usluge);2;1;4;1
438;96775abebe4698c9589b8cd8ba1b8a41db37577a;Od 15 do 18;Žensko;Srednjoškolac/ka;Brodsko-posavska županija;Raiffeisen;Preporuka prijatelja ili rodbine;Jednom u dva tjedna;"Debitna ili kreditna kartica; Štednja; Provjera stanja na raèunu";;Telefonska pomoæ pri postavaljanju Internet usluga;3;1;1;4
439;d1e75da04390a0434e87765dcfb6c512c43ca56f;Od 19 do 25;Žensko;Student/ica;Splitsko-dalmatinska županija;Splitska;Preporuka prijatelja ili rodbine;Jednom u dva tjedna;"Debitna ili kreditna kartica; Kontaktiranje Vašeg savjetnika u banci";;Veæa sigurnost;3;2;3;4
440;6bde085c2c4edf33ef210b83230ad7f99b936fd2;Od 19 do 25;Žensko;Student/ica;Primorsko-goranska županija;ERSTE;Preporuka prijatelja ili rodbine;Dva do èetiri puta tjedno;"Provjera stanja na raèunu; Plaæanje raèuna";;"Nagrade (smanjene cijene za odreðene usluge); Jednostavnija i jasnija usluga; Veæa sigurnost";3;3;1;4
441;68f2fe3492ee97c702c514377b3ac33918c80c58;Od 19 do 25;Žensko;Student/ica;Grad Zagreb;Zagrebaèka ;Najbolji uvjeti i pogodnosti;Jednom u dva tjedna;"Mobilno bankarstvo; Internet bankarstvo; Studentski paket (uljuèuje sve); Provjera stanja na raèunu";;Sve je savršeno, ne bih ništa promijenio/la;5;4;5;5
442;b16ff8e1a0afc766811554f9809316ddc1998150;Od 19 do 25;Žensko;Student/ica;Grad Zagreb;Zagrebaèka ;Preporuka prijatelja ili rodbine;Jednom u dva tjedna;"Internet bankarstvo; Provjera stanja na raèunu";;"Nagrade (smanjene cijene za odreðene usluge); Besplatne transakcije";4;3;4;5
443;f787ecc4c985c158519340662e495d13f5e3925a;Od 19 do 25;Žensko;Student/ica;Zagrebaèka županija;ERSTE;Pristupaènost;Jednom tjedno;Provjera stanja na raèunu;;Besplatne transakcije;3;3;2;4
444;3cb6d13c43e7a22035329a185bd54335dfa77939;Od 19 do 25;Žensko;Student/ica;Istarska županija;Hypo;Pristupaènost;Jednom tjedno;"Debitna ili kreditna kartica; Ne koristim bankarske usluge";;Bolja uputstva za postavljanje Internet usluga;2;3;3;4
445;07beebe68abd62c464a64a3f5360dbac84b19a11;Od 19 do 25;Žensko;Student/ica;Grad Zagreb;Zagrebaèka ;Preporuka prijatelja ili rodbine;Ne koristim bankomat;Ne koristim bankarske usluge;;Jednostavnija i jasnija usluga;3;2;3;4
446;191789640d2ba45a758854cad5b72c44491fd66d;Od 19 do 25;Žensko;Student/ica;Grad Zagreb;Zagrebaèka ;Preporuka prijatelja ili rodbine;Jednom u dva tjedna;Studentski paket (uljuèuje sve);;Sve je savršeno, ne bih ništa promijenio/la;4;4;5;7
447;b0a236c6b8529978a78f2b30282464eedb5c9b40;Od 19 do 25;Žensko;Student/ica;Zagrebaèka županija;ERSTE;Pristupaènost;Ne koristim bankomat;"Debitna ili kreditna kartica; Provjera stanja na raèunu";;"Nagrade (smanjene cijene za odreðene usluge); Telefonska pomoæ pri postavaljanju Internet usluga; Besplatne transakcije";2;2;1;3
448;41839f8ee566cc7741026cb8cbc29c56654949e3;Od 19 do 25;Žensko;Student/ica;Primorsko-goranska županija;Hypo banka;Preporuka prijatelja ili rodbine;Ne koristim bankomat;Studentski paket (uljuèuje sve);;ne koristim;2;4;5;8
449;4ed15f3cf5132a356b250b7fb3e93d9e65e6bb56;Od 19 do 25;Žensko;Student/ica;Zagrebaèka županija;PBZ;Pristupaènost;Jednom u dva tjedna;Studentski paket (uljuèuje sve);;Besplatne transakcije;1;;4;1
450;5b7ebe447658e935437d2466ea68f1c1ce50fc7d;Od 19 do 25;Žensko;Student/ica;Primorsko-goranska županija;PBZ;Preporuka prijatelja ili rodbine;Dva do èetiri puta tjedno;"Studentski paket (uljuèuje sve); Provjera stanja na raèunu";;"Jednostavnija i jasnija usluga; Telefonska pomoæ pri postavaljanju Internet usluga; Bolja uputstva za postavljanje Internet usluga";3;2;2;5
452;cacb03e2cbbb35fbb93817b4d160938bc7069fe3;Od 19 do 25;Žensko;Student/ica;Grad Zagreb;PBZ;Pristupaènost;Jednom tjedno;Provjera stanja na raèunu;;"Nagrade (smanjene cijene za odreðene usluge); Besplatne transakcije";2;3;3;2
453;cf061363aa1b7660c2c4550a19fa64c28bcf680b;Od 19 do 25;Muško;Student/ica;Vukovarsko-srijemska županija;Hypo;Pristupaènost;Dva do èetiri puta tjedno;Debitna ili kreditna kartica;Ne koristim;Besplatne transakcije;3;4;2;4
454;5b1ac6a2a43abfc0695eb9d6d5396c47560c64cf;Od 19 do 25;Žensko;Student/ica;Istarska županija;ERSTE;Preporuka prijatelja ili rodbine;Jednom tjedno;"Mobilno bankarstvo; Internet bankarstvo";;"Nagrade (smanjene cijene za odreðene usluge); Besplatne transakcije";3;;4;4
455;5e7d4f18fddcb99e53ffd11048ddc587f7c16a8e;Od 19 do 25;Žensko;Student/ica + zaposlen/a;Primorsko-goranska županija;PBZ;Pristupaènost;Jednom tjedno;Provjera stanja na raèunu;;Besplatne transakcije;2;3;;3
456;dc56391acf2dc60ae0602ad7e3d49de4d8e728f3;Od 19 do 25;Žensko;Student/ica;Primorsko-goranska županija;Zagrebaèka ;Preporuka prijatelja ili rodbine;Jednom u dva tjedna;Debitna ili kreditna kartica;;"Nagrade (smanjene cijene za odreðene usluge); Veæa sigurnost; Besplatne transakcije";3;4;2;2
458;90228455ae1b32ee812dc0a29ea3e26858226055;Od 19 do 25;Žensko;Student/ica;Primorsko-goranska županija;ERSTE;Preporuka prijatelja ili rodbine;Jednom tjedno;"Debitna ili kreditna kartica; Provjera stanja na raèunu";;Bolja uputstva za postavljanje Internet usluga;3;2;4;3
459;0a2af88d2c3d22510fd19edd26433200b6f3fc72;Od 19 do 25;Žensko;Student/ica;Grad Zagreb;Zagrebaèka ;Najbolji uvjeti i pogodnosti;Jednom u dva tjedna;"Internet bankarstvo; Studentski paket (uljuèuje sve); Plaæanje raèuna";;Besplatne transakcije;5;2;4;5
460;dd34118102cbe3a8fb478c784e491c31d2694cf7;Više od 25;Žensko;Student/ica;Primorsko-goranska županija;PBZ;;Jednom u dva tjedna;"Debitna ili kreditna kartica; Provjera stanja na raèunu";;"Jednostavnija i jasnija usluga; Veæa sigurnost; Besplatne transakcije";2;3;3;3
461;d1e094b0c6b1acc42c1de96c0289f8dc2704011b;Od 19 do 25;Muško;Student/ica;Primorsko-goranska županija;PBZ;Najbolji uvjeti i pogodnosti;Dva do èetiri puta tjedno;Provjera stanja na raèunu;;"Jednostavnija i jasnija usluga; Veæa sigurnost; Besplatne transakcije";4;1;1;1
462;15afc3a03464280f3240585e28cfce58ed34e05b;Od 19 do 25;Žensko;Student/ica;Primorsko-goranska županija;otp;Preporuka prijatelja ili rodbine;Jednom tjedno;"Internet bankarstvo; Plaæanje raèuna";;"Nagrade (smanjene cijene za odreðene usluge); Jednostavnija i jasnija usluga; Veæa sigurnost; Besplatne transakcije";1;2;2;2
463;1ecb028c66a6d3d9b30c14bd1ee984e3cf1902a1;Od 19 do 25;Žensko;Student/ica;Zagrebaèka županija;ERSTE;Preporuka prijatelja ili rodbine;Jednom u dva tjedna;"Debitna ili kreditna kartica; Provjera stanja na raèunu";;"Nagrade (smanjene cijene za odreðene usluge); Jednostavnija i jasnija usluga; Veæa sigurnost; Bolja uputstva za postavljanje Internet usluga; Besplatne transakcije";2;1;1;4
465;5c2832ef20d46360275a2fa95080718e4febaaed;Od 19 do 25;Muško;Student/ica;Grad Zagreb;"Splitska; Zagrebaèka ";Preporuka prijatelja ili rodbine;Jednom u dva tjedna;"Studentski paket (uljuèuje sve); Provjera stanja na raèunu";;"Nagrade (smanjene cijene za odreðene usluge); Bolja uputstva za postavljanje Internet usluga";3;1;2;7
466;98d997d0b926f67c0368f486839a433e9330ca3b;Od 19 do 25;Žensko;Student/ica;Primorsko-goranska županija;"Zagrebaèka ; ERSTE";Preporuka prijatelja ili rodbine;Jednom u dva tjedna;"Studentski paket (uljuèuje sve); Štednja; Provjera stanja na raèunu";;"Nagrade (smanjene cijene za odreðene usluge); Besplatne transakcije";2;1;1;1
467;8739ef3c0ca560d9ba46130285a36b414eb994f7;Od 19 do 25;Žensko;Student/ica;Primorsko-goranska županija;"PBZ; Raiffeisen";Najbolji uvjeti i pogodnosti;Dva do èetiri puta tjedno;Provjera stanja na raèunu;;"Jednostavnija i jasnija usluga; Veæa sigurnost; Besplatne transakcije";3;2;;4
468;d848b1aa669a915e9f1fedf2f530c658f2a06987;Od 19 do 25;Žensko;Student/ica;Primorsko-goranska županija;Nemam raèun;Najbolji uvjeti i pogodnosti;Dva do èetiri puta tjedno;Ne koristim bankarske usluge;;Nagrade (smanjene cijene za odreðene usluge);2;;1;1
469;40dc8783495b2a83282e4429ff36fca8afe25cfc;Od 19 do 25;Muško;Student/ica;Primorsko-goranska županija;Zagrebaèka ;Pristupaènost;Jednom tjedno;"Internet bankarstvo; Debitna ili kreditna kartica; Studentski paket (uljuèuje sve); Kontaktiranje Vašeg savjetnika u banci; Provjera stanja na raèunu; Osiguranje";;"Nagrade (smanjene cijene za odreðene usluge); Jednostavnija i jasnija usluga; Besplatne transakcije";3;4;5;6
470;be4aac15a7f6db1128f91d17e7314a20e9e45723;Od 19 do 25;Žensko;Student/ica;Primorsko-goranska županija;PBZ;Pristupaènost;Jednom u dva tjedna;"Mobilno bankarstvo; Internet bankarstvo; Debitna ili kreditna kartica; Studentski paket (uljuèuje sve); Provjera stanja na raèunu";;"Nagrade (smanjene cijene za odreðene usluge); Jednostavnija i jasnija usluga; Besplatne transakcije";2;;2;5
471;278b1d0de66f9bfc22941a94f72397a1b1428d74;Od 19 do 25;Žensko;Student/ica;Primorsko-goranska županija;PBZ;Preporuka prijatelja ili rodbine;Jednom u dva tjedna;"Debitna ili kreditna kartica; Kontaktiranje Vašeg savjetnika u banci; Provjera stanja na raèunu";;"Jednostavnija i jasnija usluga; Veæa sigurnost; Bolja uputstva za postavljanje Internet usluga";2;3;2;4
472;b1a529fa1d074f08100bf608f557a1bb6ea76b94;Od 19 do 25;Žensko;Student/ica;Karlovaèka županija;Karlovaèka banka;Preporuka prijatelja ili rodbine;Ne koristim bankomat;Ne koristim bankarske usluge;;Besplatne transakcije;2;;3;5
473;ebbfe13c784ca5d0133d17fe6dffb9ab18002fa3;Od 19 do 25;Žensko;Student/ica + zaposlen/a;Primorsko-goranska županija;Zagrebaèka ;Najbolji uvjeti i pogodnosti;Jednom tjedno;"Mobilno bankarstvo; Internet bankarstvo; Studentski paket (uljuèuje sve); Provjera stanja na raèunu";;"Nagrade (smanjene cijene za odreðene usluge); Besplatne transakcije";4;4;4;4
477;d7f586109adb92acecaa265e421f60b8815c6da0;Od 19 do 25;Žensko;Student/ica;Grad Zagreb;PBZ;Preporuka prijatelja ili rodbine;Dva do èetiri puta tjedno;"Debitna ili kreditna kartica; Provjera stanja na raèunu";ne znam kakve funkcije uopæe postoje. nemam dovoljno informacija o ovakvoj vrsti bankarstva;"Jednostavnija i jasnija usluga; Veæa sigurnost; Bolja uputstva za postavljanje Internet usluga; Besplatne transakcije";0;1;2;3
478;4c6eda0eebf53f2bd2718141b0c85aa729c99cd5;Od 19 do 25;Žensko;Student/ica;Primorsko-goranska županija;"Zagrebaèka ; Raiffeisen";Preporuka prijatelja ili rodbine;Jednom u dva tjedna;"Mobilno bankarstvo; Internet bankarstvo";;Besplatne transakcije;3;1;3;4
479;a60c97cb2066e998993c4688106fcdb310a4b526;Od 19 do 25;Žensko;Student/ica;Primorsko-goranska županija;ERSTE;Preporuka prijatelja ili rodbine;Jednom tjedno;"Internet bankarstvo; Provjera stanja na raèunu";;"Veæa sigurnost; Besplatne transakcije";3;2;3;4
480;71ad5df7ac1929a8fbedcad37f77bd70197ce004;Od 19 do 25;Žensko;Student/ica;Grad Zagreb;Zagrebaèka ;Preporuka prijatelja ili rodbine;Dva do èetiri puta tjedno;"Studentski paket (uljuèuje sve); Provjera stanja na raèunu";;"Nagrade (smanjene cijene za odreðene usluge); Jednostavnija i jasnija usluga";4;2;4;1
482;19347627454685adba080066cb034587cc3871cb;Od 19 do 25;Žensko;Student/ica;Primorsko-goranska županija;ERSTE;Preporuka prijatelja ili rodbine;Jednom tjedno;Provjera stanja na raèunu;;Sve je savršeno, ne bih ništa promijenio/la;2;3;3;4
484;25ecdf15846dd6ff5085a94e4cdd7f4a81f88d40;Od 19 do 25;Žensko;Student/ica;Primorsko-goranska županija;otp;Preporuka prijatelja ili rodbine;Dva do èetiri puta tjedno;"Mobilno bankarstvo; Studentski paket (uljuèuje sve)";;"Nagrade (smanjene cijene za odreðene usluge); Veæa sigurnost";3;2;2;4
486;cffc5e670eebee8dd845539f5f4d7cd9c4ef258d;Od 19 do 25;Žensko;Student/ica;Grad Zagreb;PBZ;Pristupaènost;Dva do èetiri puta tjedno;Studentski paket (uljuèuje sve);;Besplatne transakcije;4;;3;5
487;9e5ec39ca7510a35744e4f13a512aeb8a348a948;Od 19 do 25;Žensko;Student/ica;Primorsko-goranska županija;Hippo;Pristupaènost;Ne koristim bankomat;"Internet bankarstvo; Debitna ili kreditna kartica; Štednja; Provjera stanja na raèunu";;"Veæa sigurnost; Besplatne transakcije";5;3;4;3
488;bf89936e83af9342ff5d3dcdda28f88ec03d8393;Od 19 do 25;Žensko;Student/ica;Istarska županija;ERSTE;Pristupaènost;Jednom tjedno;"Debitna ili kreditna kartica; Štednja; Provjera stanja na raèunu";;"Nagrade (smanjene cijene za odreðene usluge); Jednostavnija i jasnija usluga; Veæa sigurnost";3;2;1;4
489;a6a714a32b6552f7e8184e3e142408a2e4cf7a17;Od 19 do 25;Žensko;Student/ica;Grad Zagreb;Raiffeisen;Preporuka prijatelja ili rodbine;Jednom tjedno;"Internet bankarstvo; Studentski paket (uljuèuje sve)";;Besplatne transakcije;5;3;3;6
490;45c0b7f030f4a1fa69038fe8d28dbcb97505eba0;Od 19 do 25;Žensko;Student/ica;Istarska županija;IKB Umag;Preporuka prijatelja ili rodbine;Jednom tjedno;"Internet bankarstvo; Provjera stanja na raèunu; Plaæanje raèuna";;"Nagrade (smanjene cijene za odreðene usluge); Veæa sigurnost; Besplatne transakcije";3;3;4;4
491;0474556a7e8ccb80ac841f0ca3f0b0daf47f42e9;Od 19 do 25;Žensko;Student/ica;Grad Zagreb;hypo;Preporuka prijatelja ili rodbine;Jednom u dva tjedna;"Debitna ili kreditna kartica; Štednja; Provjera stanja na raèunu";;jednostavno nemam potrebe za ovom uslugom;3;;;5
492;70acdf7c3f3c6512737d73034eb0dee02d0c2d14;Od 19 do 25;Žensko;Student/ica;Primorsko-goranska županija;HPB;Pristupaènost;Jednom u dva tjedna;"Debitna ili kreditna kartica; Provjera stanja na raèunu";;"Jednostavnija i jasnija usluga; Bolja uputstva za postavljanje Internet usluga";2;4;4;4
493;f5a633e895de24943725bcc7aa5d703ac1d42973;Od 19 do 25;Žensko;Student/ica;Zagrebaèka županija;"Zagrebaèka ; ERSTE; Raiffeisen";Preporuka prijatelja ili rodbine;Jednom tjedno;Štednja;;Jednostavnija i jasnija usluga;0;3;3;1
495;8a74da2e8ee936ce352f4d5a59306ef0f787687a;Od 19 do 25;Žensko;Student/ica;Istarska županija;"PBZ; ERSTE";Pristupaènost;Jednom tjedno;"Provjera stanja na raèunu; Plaæanje raèuna";;Veæa sigurnost;3;2;3;4
499;44d63e198fcb401e0cb9c3048c70c69d16a9e3a6;Od 19 do 25;Žensko;Student/ica;Primorsko-goranska županija;PBZ;Preporuka prijatelja ili rodbine;Jednom u dva tjedna;Debitna ili kreditna kartica;;"Nagrade (smanjene cijene za odreðene usluge); Jednostavnija i jasnija usluga";2;2;2;3
500;b3bf61245357bee0754966e03f3d09d87ec15f7b;Od 19 do 25;Muško;Student/ica;Primorsko-goranska županija;Zagrebaèka ;Najbolji uvjeti i pogodnosti;Ne koristim bankomat;Ne koristim bankarske usluge;;"Jednostavnija i jasnija usluga; Veæa sigurnost";2;2;2;3
501;31b1f2372de0b6fa9eb6dc12afbff63bbf1ffa1d;Od 19 do 25;Žensko;Student/ica;Grad Zagreb;PBZ;Preporuka prijatelja ili rodbine;Jednom u dva tjedna;Provjera stanja na raèunu;;Veæa sigurnost;2;1;1;2
502;51d3dd83b47e04b154fab47dba193e4eca728985;Od 19 do 25;Žensko;Student/ica;Istarska županija;Zagrebaèka ;Najbolji uvjeti i pogodnosti;Jednom tjedno;"Mobilno bankarstvo; Debitna ili kreditna kartica; Studentski paket (uljuèuje sve); Provjera stanja na raèunu";;"Jednostavnija i jasnija usluga; Bolja uputstva za postavljanje Internet usluga; Besplatne transakcije";4;3;5;7
